country_name,country_code,year,financial_normalized_final
"Hong Kong SAR, China",HKG,2015,0.61979905
Cyprus,CYP,2015,0.61796783
China,CHN,2015,0.54552175
Thailand,THA,2015,0.53741959
"United States",USA,2015,0.53312332
"North America",NAC,2015,0.53249269
Norway,NOR,2015,0.51408964
Denmark,DNK,2015,0.51125084
"Korea, Rep.",KOR,2015,0.50759777
Malaysia,MYS,2015,0.50461844
Japan,JPN,2015,0.49939362
"East Asia & Pacific",EAS,2015,0.47778488
"Post-demographic dividend",PST,2015,0.47769501
"East Asia & Pacific (IDA & IBRD countries)",TEA,2015,0.47491047
"East Asia & Pacific (excluding high income)",EAP,2015,0.47486076
"OECD members",OED,2015,0.46773884
"High income",HIC,2015,0.46723685
Mauritius,MUS,2015,0.46313777
Australia,AUS,2015,0.46215987
Sweden,SWE,2015,0.45625696
"United Kingdom",GBR,2015,0.45449657
Iceland,ISL,2015,0.45296452
World,WLD,2015,0.44710945
Italy,ITA,2015,0.44474400
"Late-demographic dividend",LTE,2015,0.44472443
Spain,ESP,2015,0.44257272
Fiji,FJI,2015,0.44127739
Portugal,PRT,2015,0.43905782
"Upper middle income",UMC,2015,0.43048365
Samoa,WSM,2015,0.42810243
Greece,GRC,2015,0.42638109
Netherlands,NLD,2015,0.42628972
Chile,CHL,2015,0.42489710
"St. Lucia",LCA,2015,0.41824488
Jordan,JOR,2015,0.41697599
Grenada,GRD,2015,0.41290901
"IBRD only",IBD,2015,0.41196510
"Middle income",MIC,2015,0.41123862
"Bosnia and Herzegovina",BIH,2015,0.41103847
"Low & middle income",LMY,2015,0.40971471
"Other small states",OSS,2015,0.40729156
Malta,MLT,2015,0.40581294
Bulgaria,BGR,2015,0.40411918
"IDA & IBRD total",IBT,2015,0.40400629
"Europe & Central Asia",ECS,2015,0.40343565
France,FRA,2015,0.40269002
Finland,FIN,2015,0.40145421
Czechia,CZE,2015,0.40140303
Luxembourg,LUX,2015,0.40083812
"North Macedonia",MKD,2015,0.40020795
"Costa Rica",CRI,2015,0.39826468
"European Union",EUU,2015,0.39740045
Ireland,IRL,2015,0.39580401
Honduras,HND,2015,0.39354373
Montenegro,MNE,2015,0.39347046
Bangladesh,BGD,2015,0.39302979
Austria,AUT,2015,0.39091229
Georgia,GEO,2015,0.39036879
"St. Vincent and the Grenadines",VCT,2015,0.38899871
"Antigua and Barbuda",ATG,2015,0.38751960
Qatar,QAT,2015,0.38732431
Colombia,COL,2015,0.38480284
Belize,BLZ,2015,0.38307095
Hungary,HUN,2015,0.38207655
Nicaragua,NIC,2015,0.38077117
Dominica,DMA,2015,0.38016173
"Small states",SST,2015,0.37938097
Indonesia,IDN,2015,0.37827596
Mozambique,MOZ,2015,0.37646321
Armenia,ARM,2015,0.37524560
Mexico,MEX,2015,0.37263894
Albania,ALB,2015,0.37224527
Turkiye,TUR,2015,0.37052716
Romania,ROU,2015,0.36987584
Maldives,MDV,2015,0.36976716
Guatemala,GTM,2015,0.36966523
"Pacific island small states",PSS,2015,0.36802549
Brazil,BRA,2015,0.36645531
Estonia,EST,2015,0.36633765
Guyana,GUY,2015,0.36629493
"Egypt, Arab Rep.",EGY,2015,0.36564458
"Dominican Republic",DOM,2015,0.36227153
Croatia,HRV,2015,0.36104468
Cambodia,KHM,2015,0.36088575
Jamaica,JAM,2015,0.36031959
Moldova,MDA,2015,0.35778738
Botswana,BWA,2015,0.35771912
Lesotho,LSO,2015,0.35559372
Belgium,BEL,2015,0.35533805
Uruguay,URY,2015,0.35448909
Rwanda,RWA,2015,0.35341775
Nepal,NPL,2015,0.35287170
"Slovak Republic",SVK,2015,0.35233450
Poland,POL,2015,0.35218603
Tunisia,TUN,2015,0.35176888
"Europe & Central Asia (excluding high income)",ECA,2015,0.34993340
Bolivia,BOL,2015,0.34867691
Uzbekistan,UZB,2015,0.34862646
"El Salvador",SLV,2015,0.34853554
"Brunei Darussalam",BRN,2015,0.34853512
Latvia,LVA,2015,0.34561094
"Trinidad and Tobago",TTO,2015,0.34491797
"Central Europe and the Baltics",CEB,2015,0.34334784
Slovenia,SVN,2015,0.34315648
Timor-Leste,TLS,2015,0.34157446
Algeria,DZA,2015,0.34064885
Philippines,PHL,2015,0.33715852
"Latin America & Caribbean",LCN,2015,0.33486257
"Latin America & the Caribbean (IDA & IBRD countries)",TLA,2015,0.33431347
Paraguay,PRY,2015,0.33323445
Kosovo,XKX,2015,0.33296623
Seychelles,SYC,2015,0.33184290
Lithuania,LTU,2015,0.33179212
Namibia,NAM,2015,0.33113997
"Bahamas, The",BHS,2015,0.33097839
Angola,AGO,2015,0.32949383
"Latin America & Caribbean (excluding high income)",LAC,2015,0.32946878
Switzerland,CHE,2015,0.32831144
"Caribbean small states",CSS,2015,0.32762261
"South Africa",ZAF,2015,0.32579978
Serbia,SRB,2015,0.32397849
"Cabo Verde",CPV,2015,0.32067464
"West Bank and Gaza",PSE,2015,0.32050778
Kazakhstan,KAZ,2015,0.31989430
Senegal,SEN,2015,0.31966845
Togo,TGO,2015,0.31929687
"Middle East, North Africa, Afghanistan & Pakistan (excluding high income)",MNA,2015,0.31886984
"Middle East, North Africa, Afghanistan & Pakistan (IDA & IBRD)",TMN,2015,0.31866439
"Solomon Islands",SLB,2015,0.31713151
Djibouti,DJI,2015,0.31433707
Belarus,BLR,2015,0.31269209
"Burkina Faso",BFA,2015,0.31059844
Mali,MLI,2015,0.31002555
Ecuador,ECU,2015,0.30746542
"Cote d'Ivoire",CIV,2015,0.30627361
Malawi,MWI,2015,0.30255394
Ukraine,UKR,2015,0.30223361
Tanzania,TZA,2015,0.29923319
"Sierra Leone",SLE,2015,0.29899617
Kiribati,KIR,2015,0.29696400
Uganda,UGA,2015,0.29580713
Azerbaijan,AZE,2015,0.29535790
Pakistan,PAK,2015,0.29488855
Benin,BEN,2015,0.29415491
Niger,NER,2015,0.29279637
Ethiopia,ETH,2015,0.29148744
Guinea-Bissau,GNB,2015,0.29111965
Libya,LBY,2015,0.29093236
India,IND,2015,0.28774153
"Lao PDR",LAO,2015,0.28744111
"South Asia",SAS,2015,0.28709337
"South Asia (IDA & IBRD)",TSA,2015,0.28709337
"Viet Nam",VNM,2015,0.28704205
Iraq,IRQ,2015,0.28596933
"United Arab Emirates",ARE,2015,0.28595801
"Papua New Guinea",PNG,2015,0.28404050
"Lower middle income",LMC,2015,0.28353875
Panama,PAN,2015,0.28325130
Cameroon,CMR,2015,0.28320525
Oman,OMN,2015,0.28269985
Haiti,HTI,2015,0.28238196
Mauritania,MRT,2015,0.28231657
Vanuatu,VUT,2015,0.28168730
"Saudi Arabia",SAU,2015,0.28142751
"Heavily indebted poor countries (HIPC)",HPC,2015,0.28111482
"Macao SAR, China",MAC,2015,0.28062394
"Central African Republic",CAF,2015,0.28061857
Morocco,MAR,2015,0.28055740
Kuwait,KWT,2015,0.28034363
Gabon,GAB,2015,0.28021997
Kenya,KEN,2015,0.28009504
"Early-demographic dividend",EAR,2015,0.27972580
"New Zealand",NZL,2015,0.27953964
"IDA blend",IDB,2015,0.27947362
"Sri Lanka",LKA,2015,0.27941171
Singapore,SGP,2015,0.27820723
"Arab World",ARB,2015,0.27816444
"Gambia, The",GMB,2015,0.27790241
"IDA total",IDA,2015,0.27784092
Peru,PER,2015,0.27733284
"Africa Western and Central",AFW,2015,0.27707833
Chad,TCD,2015,0.27707377
"Pre-demographic dividend",PRE,2015,0.27690450
"Middle East, North Africa, Afghanistan & Pakistan",MEA,2015,0.27687651
"IDA only",IDX,2015,0.27680089
"Sub-Saharan Africa",SSF,2015,0.27656597
"Sub-Saharan Africa (IDA & IBRD countries)",TSS,2015,0.27656597
Israel,ISR,2015,0.27653395
Bahrain,BHR,2015,0.27621399
"Least developed countries: UN classification",LDC,2015,0.27617642
"Sub-Saharan Africa (excluding high income)",SSA,2015,0.27599885
"Africa Eastern and Southern",AFE,2015,0.27594272
Guinea,GIN,2015,0.27547012
Germany,DEU,2015,0.27476043
Mongolia,MNG,2015,0.27442594
Zambia,ZMB,2015,0.27400396
Comoros,COM,2015,0.27382176
Nigeria,NGA,2015,0.27380009
"Europe & Central Asia (IDA & IBRD countries)",TEC,2015,0.27294374
"Sao Tome and Principe",STP,2015,0.27267050
Canada,CAN,2015,0.27218739
"Congo, Rep.",COG,2015,0.27087542
"Fragile and conflict affected situations",FCS,2015,0.27048456
Ghana,GHA,2015,0.26946187
Liberia,LBR,2015,0.26810655
Burundi,BDI,2015,0.26807268
"Low income",LIC,2015,0.26467689
"Iran, Islamic Rep.",IRN,2015,0.26305999
"Russian Federation",RUS,2015,0.26062173
"Euro area",EMU,2015,0.25152043
"Equatorial Guinea",GNQ,2015,0.24940366
"St. Kitts and Nevis",KNA,2015,0.24516742
Tonga,TON,2015,0.24335926
Bhutan,BTN,2015,0.24312950
Suriname,SUR,2015,0.20977915
Eswatini,SWZ,2015,0.20864608
"Kyrgyz Republic",KGZ,2015,0.19684882
Argentina,ARG,2015,0.19141701
"South Sudan",SSD,2015,0.18679493
"Turks and Caicos Islands",TCA,2015,0.15197749
"Somalia, Fed. Rep.",SOM,2015,0.15001156
Lebanon,LBN,2015,0.14673082
Madagascar,MDG,2015,0.14582761
Afghanistan,AFG,2015,0.14554932
"San Marino",SMR,2015,0.14523961
Palau,PLW,2015,0.14493372
Myanmar,MMR,2015,0.14198597
Turkmenistan,TKM,2015,0.14085267
"Congo, Dem. Rep.",COD,2015,0.14052887
Tajikistan,TJK,2015,0.13974250
Monaco,MCO,2015,0.13717524
Cuba,CUB,2015,0.13608820
"Micronesia, Fed. Sts.",FSM,2015,0.13606507
Aruba,ABW,2015,0.13416853
Nauru,NRU,2015,0.13372909
Sudan,SDN,2015,0.13023668
"Marshall Islands",MHL,2015,0.13019042
"French Polynesia",PYF,2015,0.12998227
Zimbabwe,ZWE,2015,0.12993601
Andorra,AND,2015,0.12912651
"Faroe Islands",FRO,2015,0.12803947
Bermuda,BMU,2015,0.12762316
Curacao,CUW,2015,0.12688305
"Sint Maarten (Dutch part)",SXM,2015,0.12607355
"Puerto Rico (US)",PRI,2015,0.12339064
Barbados,BRB,2015,0.12311310
"Venezuela, RB",VEN,2015,0.11143320
"Hong Kong SAR, China",HKG,2016,0.62616596
Cyprus,CYP,2016,0.58673161
China,CHN,2016,0.55149884
Thailand,THA,2016,0.53589054
"United States",USA,2016,0.53414261
"North America",NAC,2016,0.53396942
Norway,NOR,2016,0.52406301
"Korea, Rep.",KOR,2016,0.50997977
Denmark,DNK,2016,0.50875591
Malaysia,MYS,2016,0.50213630
Japan,JPN,2016,0.49911472
"East Asia & Pacific",EAS,2016,0.48157351
"Post-demographic dividend",PST,2016,0.47937716
"East Asia & Pacific (IDA & IBRD countries)",TEA,2016,0.47796778
"East Asia & Pacific (excluding high income)",EAP,2016,0.47790661
Australia,AUS,2016,0.47250501
"OECD members",OED,2016,0.46936493
"High income",HIC,2016,0.46841766
"United Kingdom",GBR,2016,0.45638475
Mauritius,MUS,2016,0.45570123
Sweden,SWE,2016,0.45295905
World,WLD,2016,0.44888454
Iceland,ISL,2016,0.44849750
"Late-demographic dividend",LTE,2016,0.44653364
Fiji,FJI,2016,0.44360002
Italy,ITA,2016,0.44349081
Samoa,WSM,2016,0.44078663
"Upper middle income",UMC,2016,0.43382208
Netherlands,NLD,2016,0.43068067
Spain,ESP,2016,0.42951586
Portugal,PRT,2016,0.42768370
Chile,CHL,2016,0.42586143
Qatar,QAT,2016,0.42561008
Jordan,JOR,2016,0.42114455
Greece,GRC,2016,0.41973800
"IBRD only",IBD,2016,0.41481361
"Middle income",MIC,2016,0.41371835
Luxembourg,LUX,2016,0.41346789
"St. Lucia",LCA,2016,0.41341550
"Low & middle income",LMY,2016,0.41236032
"Bosnia and Herzegovina",BIH,2016,0.40828436
Bangladesh,BGD,2016,0.40806221
"IDA & IBRD total",IBT,2016,0.40664066
Finland,FIN,2016,0.40579760
France,FRA,2016,0.40572674
"Costa Rica",CRI,2016,0.40526774
"Other small states",OSS,2016,0.40241016
"Europe & Central Asia",ECS,2016,0.40216195
Bulgaria,BGR,2016,0.40129692
Grenada,GRD,2016,0.40098112
Montenegro,MNE,2016,0.39896845
Czechia,CZE,2016,0.39835079
"North Macedonia",MKD,2016,0.39583933
Honduras,HND,2016,0.39570247
Georgia,GEO,2016,0.39541498
"European Union",EUU,2016,0.39512754
Botswana,BWA,2016,0.39078246
"St. Vincent and the Grenadines",VCT,2016,0.38997357
Austria,AUT,2016,0.38880026
"Antigua and Barbuda",ATG,2016,0.38816333
Malta,MLT,2016,0.38741750
Dominica,DMA,2016,0.38432361
Colombia,COL,2016,0.38173867
Nicaragua,NIC,2016,0.38000300
Indonesia,IDN,2016,0.37906411
Belize,BLZ,2016,0.37799826
"Small states",SST,2016,0.37675814
Hungary,HUN,2016,0.37577971
Mexico,MEX,2016,0.37517139
Albania,ALB,2016,0.37469893
Armenia,ARM,2016,0.37382093
"Pacific island small states",PSS,2016,0.37253900
Cambodia,KHM,2016,0.37036218
Estonia,EST,2016,0.36995542
Maldives,MDV,2016,0.36929522
"Egypt, Arab Rep.",EGY,2016,0.36887766
Turkiye,TUR,2016,0.36879480
Romania,ROU,2016,0.36811080
Guyana,GUY,2016,0.36771049
Guatemala,GTM,2016,0.36699732
Mozambique,MOZ,2016,0.36286341
Nepal,NPL,2016,0.36251288
"Dominican Republic",DOM,2016,0.36185174
"Brunei Darussalam",BRN,2016,0.36180511
Belgium,BEL,2016,0.35812148
Croatia,HRV,2016,0.35806173
Jamaica,JAM,2016,0.35758803
Moldova,MDA,2016,0.35665634
Bolivia,BOL,2016,0.35584826
Tunisia,TUN,2016,0.35539610
Brazil,BRA,2016,0.35248484
Uruguay,URY,2016,0.35185247
"Slovak Republic",SVK,2016,0.35104673
Algeria,DZA,2016,0.35093877
"Europe & Central Asia (excluding high income)",ECA,2016,0.35050305
Poland,POL,2016,0.35033191
Rwanda,RWA,2016,0.35029495
"El Salvador",SLV,2016,0.34971642
Uzbekistan,UZB,2016,0.34640821
"Trinidad and Tobago",TTO,2016,0.34597680
Philippines,PHL,2016,0.34295429
Lesotho,LSO,2016,0.34158510
Latvia,LVA,2016,0.34049688
"Central Europe and the Baltics",CEB,2016,0.34048102
Slovenia,SVN,2016,0.33994803
Angola,AGO,2016,0.33979418
Seychelles,SYC,2016,0.33941731
"West Bank and Gaza",PSE,2016,0.33855961
"Macao SAR, China",MAC,2016,0.33788674
Ireland,IRL,2016,0.33608697
Kosovo,XKX,2016,0.33416998
Paraguay,PRY,2016,0.33309559
Timor-Leste,TLS,2016,0.33308034
"Middle East, North Africa, Afghanistan & Pakistan (excluding high income)",MNA,2016,0.33297111
"Middle East, North Africa, Afghanistan & Pakistan (IDA & IBRD)",TMN,2016,0.33291720
Lithuania,LTU,2016,0.33259601
"Latin America & Caribbean",LCN,2016,0.33210810
"Latin America & the Caribbean (IDA & IBRD countries)",TLA,2016,0.33170747
"Cabo Verde",CPV,2016,0.32999967
Switzerland,CHE,2016,0.32992678
Serbia,SRB,2016,0.32848822
"Solomon Islands",SLB,2016,0.32737280
Ukraine,UKR,2016,0.32698889
"Latin America & Caribbean (excluding high income)",LAC,2016,0.32660051
"Sierra Leone",SLE,2016,0.32642739
Namibia,NAM,2016,0.32426734
"South Africa",ZAF,2016,0.32394197
"Caribbean small states",CSS,2016,0.32285689
"Bahamas, The",BHS,2016,0.32253276
Senegal,SEN,2016,0.32008160
Kuwait,KWT,2016,0.31995125
Togo,TGO,2016,0.31862548
"Burkina Faso",BFA,2016,0.31650777
Azerbaijan,AZE,2016,0.31519909
Iraq,IRQ,2016,0.31242594
Mali,MLI,2016,0.31231306
Belarus,BLR,2016,0.31181215
Djibouti,DJI,2016,0.31075106
Kazakhstan,KAZ,2016,0.31010957
Ecuador,ECU,2016,0.30864476
"Cote d'Ivoire",CIV,2016,0.30773931
Malawi,MWI,2016,0.30276597
Pakistan,PAK,2016,0.30097591
Tanzania,TZA,2016,0.29971253
Benin,BEN,2016,0.29919096
Niger,NER,2016,0.29536171
Uganda,UGA,2016,0.29462996
Guinea,GIN,2016,0.29301727
Ethiopia,ETH,2016,0.29039124
"Iran, Islamic Rep.",IRN,2016,0.28874334
Guinea-Bissau,GNB,2016,0.28840896
India,IND,2016,0.28832757
"South Asia",SAS,2016,0.28784803
"South Asia (IDA & IBRD)",TSA,2016,0.28784803
Kiribati,KIR,2016,0.28678009
"Lao PDR",LAO,2016,0.28674054
"Viet Nam",VNM,2016,0.28556818
"United Arab Emirates",ARE,2016,0.28358742
"Lower middle income",LMC,2016,0.28298767
Oman,OMN,2016,0.28237158
Israel,ISR,2016,0.28163790
Panama,PAN,2016,0.28140289
Cameroon,CMR,2016,0.28128379
"Sri Lanka",LKA,2016,0.28128186
"Papua New Guinea",PNG,2016,0.28126331
Haiti,HTI,2016,0.28106994
"Sao Tome and Principe",STP,2016,0.28102046
"Middle East, North Africa, Afghanistan & Pakistan",MEA,2016,0.28048774
"Central African Republic",CAF,2016,0.28020946
Singapore,SGP,2016,0.27999195
Libya,LBY,2016,0.27980480
"New Zealand",NZL,2016,0.27961015
"Heavily indebted poor countries (HIPC)",HPC,2016,0.27945601
"IDA only",IDX,2016,0.27940005
"Early-demographic dividend",EAR,2016,0.27934540
Peru,PER,2016,0.27889066
Bahrain,BHR,2016,0.27886128
Comoros,COM,2016,0.27848888
"Arab World",ARB,2016,0.27846679
Kenya,KEN,2016,0.27844434
"Least developed countries: UN classification",LDC,2016,0.27753933
"IDA total",IDA,2016,0.27730916
Burundi,BDI,2016,0.27639130
Germany,DEU,2016,0.27606328
"IDA blend",IDB,2016,0.27573538
Gabon,GAB,2016,0.27514318
"Pre-demographic dividend",PRE,2016,0.27496908
"Europe & Central Asia (IDA & IBRD countries)",TEC,2016,0.27495917
Mongolia,MNG,2016,0.27428313
"Saudi Arabia",SAU,2016,0.27426411
"Africa Eastern and Southern",AFE,2016,0.27357625
Mauritania,MRT,2016,0.27346822
Zambia,ZMB,2016,0.27297964
Canada,CAN,2016,0.27297469
"Gambia, The",GMB,2016,0.27283857
Ghana,GHA,2016,0.27223822
"Sub-Saharan Africa",SSF,2016,0.27195753
"Sub-Saharan Africa (IDA & IBRD countries)",TSS,2016,0.27195753
Vanuatu,VUT,2016,0.27185518
Morocco,MAR,2016,0.27169171
"Sub-Saharan Africa (excluding high income)",SSA,2016,0.27119429
"Africa Western and Central",AFW,2016,0.27098583
"Fragile and conflict affected situations",FCS,2016,0.27098341
"Low income",LIC,2016,0.27008925
"Russian Federation",RUS,2016,0.26886373
Liberia,LBR,2016,0.26415494
Chad,TCD,2016,0.26188922
Nigeria,NGA,2016,0.26136622
"St. Kitts and Nevis",KNA,2016,0.25110030
"Equatorial Guinea",GNQ,2016,0.25017762
"Congo, Rep.",COG,2016,0.24979769
"Euro area",EMU,2016,0.24938252
Bhutan,BTN,2016,0.24780606
Tonga,TON,2016,0.24439145
Suriname,SUR,2016,0.22892255
Eswatini,SWZ,2016,0.21230889
"Kyrgyz Republic",KGZ,2016,0.19729979
Argentina,ARG,2016,0.18707360
Madagascar,MDG,2016,0.14722537
Palau,PLW,2016,0.14569462
Lebanon,LBN,2016,0.14559521
"San Marino",SMR,2016,0.14505226
Afghanistan,AFG,2016,0.14362223
"Turks and Caicos Islands",TCA,2016,0.14258731
"Somalia, Fed. Rep.",SOM,2016,0.14207848
Tajikistan,TJK,2016,0.14177781
Turkmenistan,TKM,2016,0.14015882
Myanmar,MMR,2016,0.13937245
Nauru,NRU,2016,0.13537121
Andorra,AND,2016,0.13439981
Sudan,SDN,2016,0.13384473
Monaco,MCO,2016,0.13278082
"Marshall Islands",MHL,2016,0.13160126
"French Polynesia",PYF,2016,0.13113869
Barbados,BRB,2016,0.12928841
"Faroe Islands",FRO,2016,0.12903400
Aruba,ABW,2016,0.12866394
"Sint Maarten (Dutch part)",SXM,2016,0.12806260
"Micronesia, Fed. Sts.",FSM,2016,0.12799322
Zimbabwe,ZWE,2016,0.12757690
Cuba,CUB,2016,0.12699869
"Congo, Dem. Rep.",COD,2016,0.12672115
Bermuda,BMU,2016,0.12429265
Curacao,CUW,2016,0.12334438
"Puerto Rico (US)",PRI,2016,0.12290494
"South Sudan",SSD,2016,0.09699794
"Venezuela, RB",VEN,2016,0.08640814
"Hong Kong SAR, China",HKG,2017,0.64452096
China,CHN,2017,0.55349035
Cyprus,CYP,2017,0.54964949
"North America",NAC,2017,0.54676285
"United States",USA,2017,0.54656710
Norway,NOR,2017,0.53498123
Thailand,THA,2017,0.53438510
"Korea, Rep.",KOR,2017,0.51214355
Japan,JPN,2017,0.50835329
Denmark,DNK,2017,0.50134938
Malaysia,MYS,2017,0.50024453
"Post-demographic dividend",PST,2017,0.48485785
"East Asia & Pacific",EAS,2017,0.48263771
"East Asia & Pacific (IDA & IBRD countries)",TEA,2017,0.47685370
"East Asia & Pacific (excluding high income)",EAP,2017,0.47684223
"OECD members",OED,2017,0.47426954
"High income",HIC,2017,0.47203855
Australia,AUS,2017,0.46836016
Mauritius,MUS,2017,0.46152561
"United Kingdom",GBR,2017,0.45886218
Sweden,SWE,2017,0.45706901
Fiji,FJI,2017,0.45202081
World,WLD,2017,0.45142695
Iceland,ISL,2017,0.44565335
"Late-demographic dividend",LTE,2017,0.44488656
Italy,ITA,2017,0.43802926
Qatar,QAT,2017,0.43681710
"Upper middle income",UMC,2017,0.43556287
Chile,CHL,2017,0.42877085
Netherlands,NLD,2017,0.42627905
Samoa,WSM,2017,0.42616255
Jordan,JOR,2017,0.42587310
Spain,ESP,2017,0.42056261
Portugal,PRT,2017,0.41849841
"IBRD only",IBD,2017,0.41540058
"Middle income",MIC,2017,0.41508520
France,FRA,2017,0.41403786
"Low & middle income",LMY,2017,0.41374647
Greece,GRC,2017,0.41122699
Luxembourg,LUX,2017,0.41039341
"Bosnia and Herzegovina",BIH,2017,0.40939801
"St. Lucia",LCA,2017,0.40932410
"IDA & IBRD total",IBT,2017,0.40777945
"Costa Rica",CRI,2017,0.40747404
Georgia,GEO,2017,0.40708100
Finland,FIN,2017,0.40628097
Czechia,CZE,2017,0.40379238
Armenia,ARM,2017,0.39953964
Bulgaria,BGR,2017,0.39924997
Honduras,HND,2017,0.39854446
Grenada,GRD,2017,0.39815288
"Europe & Central Asia",ECS,2017,0.39802707
"Other small states",OSS,2017,0.39760443
Montenegro,MNE,2017,0.39754472
Malta,MLT,2017,0.39582115
"European Union",EUU,2017,0.39501357
"North Macedonia",MKD,2017,0.39208348
Austria,AUT,2017,0.39031122
Bangladesh,BGD,2017,0.38919790
Colombia,COL,2017,0.38623028
Nicaragua,NIC,2017,0.38604353
"St. Vincent and the Grenadines",VCT,2017,0.38501102
Nepal,NPL,2017,0.38367064
"Brunei Darussalam",BRN,2017,0.38277311
Hungary,HUN,2017,0.38143747
Indonesia,IDN,2017,0.38134234
"Antigua and Barbuda",ATG,2017,0.38121626
Romania,ROU,2017,0.37924538
Turkiye,TUR,2017,0.37906732
"Small states",SST,2017,0.37801201
Cambodia,KHM,2017,0.37628806
Albania,ALB,2017,0.37511023
Belize,BLZ,2017,0.37471204
Maldives,MDV,2017,0.37412740
"Pacific island small states",PSS,2017,0.37400827
Mexico,MEX,2017,0.37378465
Jamaica,JAM,2017,0.37168704
"Egypt, Arab Rep.",EGY,2017,0.37119678
Botswana,BWA,2017,0.36868135
Guyana,GUY,2017,0.36745168
Estonia,EST,2017,0.36676615
Guatemala,GTM,2017,0.36600994
Uzbekistan,UZB,2017,0.36523102
"Trinidad and Tobago",TTO,2017,0.36375740
Dominica,DMA,2017,0.36287847
Belgium,BEL,2017,0.36112941
Tunisia,TUN,2017,0.36088690
Brazil,BRA,2017,0.36012973
"Dominican Republic",DOM,2017,0.35948692
Moldova,MDA,2017,0.35939500
"Macao SAR, China",MAC,2017,0.35829623
"Slovak Republic",SVK,2017,0.35699405
"Europe & Central Asia (excluding high income)",ECA,2017,0.35514763
Algeria,DZA,2017,0.35291353
Libya,LBY,2017,0.35265649
Croatia,HRV,2017,0.35252050
Poland,POL,2017,0.35125915
Uruguay,URY,2017,0.35043133
"El Salvador",SLV,2017,0.35028270
Ireland,IRL,2017,0.34980275
Rwanda,RWA,2017,0.34925771
Philippines,PHL,2017,0.34570529
"Central Europe and the Baltics",CEB,2017,0.34280397
Bolivia,BOL,2017,0.34258443
Slovenia,SVN,2017,0.34198052
Angola,AGO,2017,0.34103231
Mozambique,MOZ,2017,0.33714176
"Latin America & Caribbean",LCN,2017,0.33713269
"Latin America & the Caribbean (IDA & IBRD countries)",TLA,2017,0.33703963
Kosovo,XKX,2017,0.33580728
Latvia,LVA,2017,0.33480725
Ukraine,UKR,2017,0.33434629
Paraguay,PRY,2017,0.33425031
Lithuania,LTU,2017,0.33348845
"Bahamas, The",BHS,2017,0.33265188
Lesotho,LSO,2017,0.33232548
Seychelles,SYC,2017,0.33230563
"Latin America & Caribbean (excluding high income)",LAC,2017,0.33207659
Belarus,BLR,2017,0.33125700
"Cabo Verde",CPV,2017,0.32944175
Kuwait,KWT,2017,0.32893203
"West Bank and Gaza",PSE,2017,0.32852251
Ecuador,ECU,2017,0.32837861
Switzerland,CHE,2017,0.32820312
Serbia,SRB,2017,0.32531429
Senegal,SEN,2017,0.32494517
"Caribbean small states",CSS,2017,0.32462333
"South Africa",ZAF,2017,0.32400761
Namibia,NAM,2017,0.32398863
Azerbaijan,AZE,2017,0.32391931
Timor-Leste,TLS,2017,0.32367467
"Sierra Leone",SLE,2017,0.32039573
"Solomon Islands",SLB,2017,0.32027392
"Burkina Faso",BFA,2017,0.31893184
Togo,TGO,2017,0.31793274
"Middle East, North Africa, Afghanistan & Pakistan (excluding high income)",MNA,2017,0.31583339
"Middle East, North Africa, Afghanistan & Pakistan (IDA & IBRD)",TMN,2017,0.31555636
Kazakhstan,KAZ,2017,0.31428789
"Cote d'Ivoire",CIV,2017,0.31053028
Mali,MLI,2017,0.30898794
Djibouti,DJI,2017,0.30876918
Malawi,MWI,2017,0.30353280
Benin,BEN,2017,0.30299547
Tanzania,TZA,2017,0.29850074
"Turks and Caicos Islands",TCA,2017,0.29833475
Pakistan,PAK,2017,0.29679100
Guinea-Bissau,GNB,2017,0.29317234
Niger,NER,2017,0.29313506
Guinea,GIN,2017,0.29153164
Uganda,UGA,2017,0.29077967
Ethiopia,ETH,2017,0.28913953
"Lao PDR",LAO,2017,0.28673429
"Viet Nam",VNM,2017,0.28582138
India,IND,2017,0.28557023
"South Asia",SAS,2017,0.28521426
"South Asia (IDA & IBRD)",TSA,2017,0.28521426
Ghana,GHA,2017,0.28518979
Mauritania,MRT,2017,0.28475737
Panama,PAN,2017,0.28405539
"Sri Lanka",LKA,2017,0.28311295
Morocco,MAR,2017,0.28253236
Mongolia,MNG,2017,0.28251644
"Lower middle income",LMC,2017,0.28235211
Haiti,HTI,2017,0.28211552
Bahrain,BHR,2017,0.28203324
"IDA only",IDX,2017,0.28154121
Singapore,SGP,2017,0.28125591
Israel,ISR,2017,0.28108142
"Heavily indebted poor countries (HIPC)",HPC,2017,0.28104479
"Early-demographic dividend",EAR,2017,0.28022755
Comoros,COM,2017,0.28004296
"Europe & Central Asia (IDA & IBRD countries)",TEC,2017,0.28002648
"Central African Republic",CAF,2017,0.27999505
"Least developed countries: UN classification",LDC,2017,0.27977655
Kiribati,KIR,2017,0.27965165
"Gambia, The",GMB,2017,0.27919369
Cameroon,CMR,2017,0.27905889
"IDA total",IDA,2017,0.27887229
"Sao Tome and Principe",STP,2017,0.27844629
"New Zealand",NZL,2017,0.27822617
Canada,CAN,2017,0.27751227
"Papua New Guinea",PNG,2017,0.27720807
"IDA blend",IDB,2017,0.27710611
Germany,DEU,2017,0.27701472
Kenya,KEN,2017,0.27693475
Zambia,ZMB,2017,0.27676454
Peru,PER,2017,0.27580123
"Africa Western and Central",AFW,2017,0.27577418
Iraq,IRQ,2017,0.27572146
"Middle East, North Africa, Afghanistan & Pakistan",MEA,2017,0.27513535
"Iran, Islamic Rep.",IRN,2017,0.27504986
"Africa Eastern and Southern",AFE,2017,0.27493626
"Sub-Saharan Africa",SSF,2017,0.27491378
"Sub-Saharan Africa (IDA & IBRD countries)",TSS,2017,0.27491378
"Sub-Saharan Africa (excluding high income)",SSA,2017,0.27424305
"Saudi Arabia",SAU,2017,0.27416263
"Russian Federation",RUS,2017,0.27394153
Burundi,BDI,2017,0.27383744
"Arab World",ARB,2017,0.27340071
Vanuatu,VUT,2017,0.27333659
"Pre-demographic dividend",PRE,2017,0.27318110
"Fragile and conflict affected situations",FCS,2017,0.27252454
"Low income",LIC,2017,0.27234420
Liberia,LBR,2017,0.27205680
Oman,OMN,2017,0.27120200
Gabon,GAB,2017,0.27118989
Chad,TCD,2017,0.26795812
"United Arab Emirates",ARE,2017,0.26791123
Nigeria,NGA,2017,0.26668056
"Congo, Rep.",COG,2017,0.25801520
"Equatorial Guinea",GNQ,2017,0.25771929
Bhutan,BTN,2017,0.25328732
"Euro area",EMU,2017,0.24978673
Tonga,TON,2017,0.24651850
"St. Kitts and Nevis",KNA,2017,0.24391948
Suriname,SUR,2017,0.23518426
"South Sudan",SSD,2017,0.22347056
Eswatini,SWZ,2017,0.20960316
"Kyrgyz Republic",KGZ,2017,0.20497641
Argentina,ARG,2017,0.18951936
"Somalia, Fed. Rep.",SOM,2017,0.15991057
Madagascar,MDG,2017,0.14824104
"San Marino",SMR,2017,0.14491078
Palau,PLW,2017,0.14475401
Lebanon,LBN,2017,0.14364517
Afghanistan,AFG,2017,0.14339281
Tajikistan,TJK,2017,0.14224038
Turkmenistan,TKM,2017,0.14085267
Myanmar,MMR,2017,0.14002004
Zimbabwe,ZWE,2017,0.13675892
"French Polynesia",PYF,2017,0.13574127
"Congo, Dem. Rep.",COD,2017,0.13562563
Bermuda,BMU,2017,0.13416853
"Marshall Islands",MHL,2017,0.13405289
"Faroe Islands",FRO,2017,0.13393724
Aruba,ABW,2017,0.13389099
"Micronesia, Fed. Sts.",FSM,2017,0.13086115
Cuba,CUB,2017,0.13000540
Barbados,BRB,2017,0.12746126
Sudan,SDN,2017,0.12746126
Andorra,AND,2017,0.12662863
Curacao,CUW,2017,0.12285868
"Puerto Rico (US)",PRI,2017,0.11913499
Monaco,MCO,2017,0.11839488
Nauru,NRU,2017,0.11113253
"Sint Maarten (Dutch part)",SXM,2017,0.10838023
"Venezuela, RB",VEN,2017,0.08957675
"Hong Kong SAR, China",HKG,2018,0.63796929
China,CHN,2018,0.55631561
Thailand,THA,2018,0.53330433
"United States",USA,2018,0.53174751
"North America",NAC,2018,0.53173184
Norway,NOR,2018,0.53000883
"Korea, Rep.",KOR,2018,0.51535329
Japan,JPN,2018,0.50534464
Malaysia,MYS,2018,0.49938252
Denmark,DNK,2018,0.49856317
"East Asia & Pacific",EAS,2018,0.48442799
"East Asia & Pacific (IDA & IBRD countries)",TEA,2018,0.48133853
"East Asia & Pacific (excluding high income)",EAP,2018,0.48123147
"Post-demographic dividend",PST,2018,0.47638177
Cyprus,CYP,2018,0.47101668
Australia,AUS,2018,0.46885811
"OECD members",OED,2018,0.46630529
"High income",HIC,2018,0.46600462
Sweden,SWE,2018,0.45752774
Fiji,FJI,2018,0.45719593
"United Kingdom",GBR,2018,0.45619906
Iceland,ISL,2018,0.45558443
World,WLD,2018,0.44999733
"Late-demographic dividend",LTE,2018,0.44973937
Qatar,QAT,2018,0.44813727
"Upper middle income",UMC,2018,0.44420397
Chile,CHL,2018,0.44124827
Italy,ITA,2018,0.43150260
Mauritius,MUS,2018,0.42900537
Samoa,WSM,2018,0.42682966
Jordan,JOR,2018,0.42604155
"IBRD only",IBD,2018,0.42223093
"Middle income",MIC,2018,0.42217498
"Low & middle income",LMY,2018,0.42090874
Luxembourg,LUX,2018,0.41822212
Netherlands,NLD,2018,0.41714041
France,FRA,2018,0.41695336
"IDA & IBRD total",IBT,2018,0.41415187
Georgia,GEO,2018,0.41229536
"Bosnia and Herzegovina",BIH,2018,0.41121026
Spain,ESP,2018,0.41060534
Portugal,PRT,2018,0.40970183
"Costa Rica",CRI,2018,0.40398628
Finland,FIN,2018,0.40247135
Armenia,ARM,2018,0.40190320
Honduras,HND,2018,0.40142525
Montenegro,MNE,2018,0.40122640
Czechia,CZE,2018,0.40056494
"St. Lucia",LCA,2018,0.39957020
Greece,GRC,2018,0.39948877
Bulgaria,BGR,2018,0.39891464
"North Macedonia",MKD,2018,0.39861493
Grenada,GRD,2018,0.39513435
"Europe & Central Asia",ECS,2018,0.39482804
"European Union",EUU,2018,0.39128393
Bangladesh,BGD,2018,0.39111540
Austria,AUT,2018,0.39099645
Nepal,NPL,2018,0.38993993
Dominica,DMA,2018,0.38993187
Cambodia,KHM,2018,0.38984880
"Antigua and Barbuda",ATG,2018,0.38913405
Hungary,HUN,2018,0.38541360
"St. Vincent and the Grenadines",VCT,2018,0.38517294
Colombia,COL,2018,0.38503380
Indonesia,IDN,2018,0.38195518
Malta,MLT,2018,0.38000927
Maldives,MDV,2018,0.37945117
"Other small states",OSS,2018,0.37930115
Belize,BLZ,2018,0.37912434
"Brunei Darussalam",BRN,2018,0.37737803
Jamaica,JAM,2018,0.37493658
"Pacific island small states",PSS,2018,0.37477773
Botswana,BWA,2018,0.37397901
Albania,ALB,2018,0.37250270
Brazil,BRA,2018,0.37239866
Mexico,MEX,2018,0.37108252
Romania,ROU,2018,0.37044173
"Dominican Republic",DOM,2018,0.36879975
"Egypt, Arab Rep.",EGY,2018,0.36812005
"Small states",SST,2018,0.36727963
"Trinidad and Tobago",TTO,2018,0.36703252
Guatemala,GTM,2018,0.36638454
Belgium,BEL,2018,0.36609250
Guyana,GUY,2018,0.36608100
Uzbekistan,UZB,2018,0.36479459
Turkiye,TUR,2018,0.36224028
"Slovak Republic",SVK,2018,0.36148376
Nicaragua,NIC,2018,0.36119161
Estonia,EST,2018,0.35933820
Moldova,MDA,2018,0.35933597
Tunisia,TUN,2018,0.35922314
Algeria,DZA,2018,0.35534889
Poland,POL,2018,0.35338562
Rwanda,RWA,2018,0.35322158
"El Salvador",SLV,2018,0.35235383
"Macao SAR, China",MAC,2018,0.35199241
Uruguay,URY,2018,0.35167683
Croatia,HRV,2018,0.34911584
Lesotho,LSO,2018,0.34777342
Philippines,PHL,2018,0.34614542
"Europe & Central Asia (excluding high income)",ECA,2018,0.34571699
Bolivia,BOL,2018,0.34570202
"Latin America & the Caribbean (IDA & IBRD countries)",TLA,2018,0.34281197
"Latin America & Caribbean",LCN,2018,0.34261808
Kuwait,KWT,2018,0.34189627
"Central Europe and the Baltics",CEB,2018,0.34160016
Ireland,IRL,2018,0.34008080
Mozambique,MOZ,2018,0.33999151
Angola,AGO,2018,0.33837265
Belarus,BLR,2018,0.33791719
Slovenia,SVN,2018,0.33754293
Kosovo,XKX,2018,0.33663327
"Latin America & Caribbean (excluding high income)",LAC,2018,0.33629495
Paraguay,PRY,2018,0.33522435
Lithuania,LTU,2018,0.33320166
Switzerland,CHE,2018,0.33289571
"West Bank and Gaza",PSE,2018,0.33260418
Serbia,SRB,2018,0.33248002
"Sierra Leone",SLE,2018,0.33001889
"Caribbean small states",CSS,2018,0.32932979
"Bahamas, The",BHS,2018,0.32918176
Ukraine,UKR,2018,0.32900254
Latvia,LVA,2018,0.32892748
Seychelles,SYC,2018,0.32865620
"Cabo Verde",CPV,2018,0.32843376
Timor-Leste,TLS,2018,0.32692399
Azerbaijan,AZE,2018,0.32586288
"South Africa",ZAF,2018,0.32375319
Namibia,NAM,2018,0.32314488
Ecuador,ECU,2018,0.32302133
Senegal,SEN,2018,0.32234371
"Burkina Faso",BFA,2018,0.31929333
Togo,TGO,2018,0.31645321
"Solomon Islands",SLB,2018,0.31481320
Kazakhstan,KAZ,2018,0.31018770
Djibouti,DJI,2018,0.30798152
Mali,MLI,2018,0.30790204
"Middle East, North Africa, Afghanistan & Pakistan (excluding high income)",MNA,2018,0.30730232
"Middle East, North Africa, Afghanistan & Pakistan (IDA & IBRD)",TMN,2018,0.30698130
Benin,BEN,2018,0.30528057
Malawi,MWI,2018,0.30486242
"Cote d'Ivoire",CIV,2018,0.30472529
Pakistan,PAK,2018,0.30224894
Uganda,UGA,2018,0.29932698
Libya,LBY,2018,0.29797395
Niger,NER,2018,0.29645483
Tanzania,TZA,2018,0.29582066
Guinea-Bissau,GNB,2018,0.29460448
"Viet Nam",VNM,2018,0.28703955
Mongolia,MNG,2018,0.28640988
"Gambia, The",GMB,2018,0.28534503
"Lao PDR",LAO,2018,0.28479141
"South Asia",SAS,2018,0.28462196
"South Asia (IDA & IBRD)",TSA,2018,0.28462196
Iraq,IRQ,2018,0.28457538
Burundi,BDI,2018,0.28454116
India,IND,2018,0.28452750
Chad,TCD,2018,0.28275919
Ghana,GHA,2018,0.28246955
Kenya,KEN,2018,0.28239044
Guinea,GIN,2018,0.28206724
"Lower middle income",LMC,2018,0.28201143
Ethiopia,ETH,2018,0.28160171
Haiti,HTI,2018,0.28142732
"IDA only",IDX,2018,0.28120183
Mauritania,MRT,2018,0.28097456
"Least developed countries: UN classification",LDC,2018,0.28057102
"IDA total",IDA,2018,0.28011041
Israel,ISR,2018,0.28005780
Panama,PAN,2018,0.27989189
Cameroon,CMR,2018,0.27986587
Peru,PER,2018,0.27972076
"Heavily indebted poor countries (HIPC)",HPC,2018,0.27965222
"Central African Republic",CAF,2018,0.27926621
"IDA blend",IDB,2018,0.27909546
Kiribati,KIR,2018,0.27895070
Singapore,SGP,2018,0.27892720
"Europe & Central Asia (IDA & IBRD countries)",TEC,2018,0.27890698
Comoros,COM,2018,0.27871281
"New Zealand",NZL,2018,0.27852992
"Sao Tome and Principe",STP,2018,0.27823722
"Early-demographic dividend",EAR,2018,0.27794370
"Saudi Arabia",SAU,2018,0.27764218
Zambia,ZMB,2018,0.27757301
Morocco,MAR,2018,0.27752831
"Africa Western and Central",AFW,2018,0.27714277
"Low income",LIC,2018,0.27664094
Canada,CAN,2018,0.27658536
"Russian Federation",RUS,2018,0.27651402
"Arab World",ARB,2018,0.27640816
"Pre-demographic dividend",PRE,2018,0.27619768
"Sub-Saharan Africa",SSF,2018,0.27609706
"Sub-Saharan Africa (IDA & IBRD countries)",TSS,2018,0.27609706
"Middle East, North Africa, Afghanistan & Pakistan",MEA,2018,0.27592134
"Sub-Saharan Africa (excluding high income)",SSA,2018,0.27568074
"Sri Lanka",LKA,2018,0.27564054
"Africa Eastern and Southern",AFE,2018,0.27559066
Bahrain,BHR,2018,0.27505831
Oman,OMN,2018,0.27375938
"United Arab Emirates",ARE,2018,0.27350405
"Fragile and conflict affected situations",FCS,2018,0.27335725
Germany,DEU,2018,0.27309127
Gabon,GAB,2018,0.27124268
Nigeria,NGA,2018,0.27093022
"Papua New Guinea",PNG,2018,0.26879759
"Congo, Rep.",COG,2018,0.26535683
Liberia,LBR,2018,0.26479060
Vanuatu,VUT,2018,0.26423083
Bhutan,BTN,2018,0.25953219
"Equatorial Guinea",GNQ,2018,0.25627860
"Iran, Islamic Rep.",IRN,2018,0.25555660
Tonga,TON,2018,0.24948679
"Euro area",EMU,2018,0.24614043
"St. Kitts and Nevis",KNA,2018,0.24210163
Suriname,SUR,2018,0.21488238
"South Sudan",SSD,2018,0.20356260
"Kyrgyz Republic",KGZ,2018,0.20210449
Eswatini,SWZ,2018,0.20060563
Argentina,ARG,2018,0.17205959
Madagascar,MDG,2018,0.14689557
Afghanistan,AFG,2018,0.14505608
"San Marino",SMR,2018,0.14485343
Palau,PLW,2018,0.14449019
Tajikistan,TJK,2018,0.14339681
Lebanon,LBN,2018,0.14297222
"Turks and Caicos Islands",TCA,2018,0.14143088
Myanmar,MMR,2018,0.14032072
Turkmenistan,TKM,2018,0.14015882
"Congo, Dem. Rep.",COD,2018,0.13985815
Monaco,MCO,2018,0.13900239
"Marshall Islands",MHL,2018,0.13851669
Zimbabwe,ZWE,2018,0.13740652
Aruba,ABW,2018,0.13324339
"Faroe Islands",FRO,2018,0.13220261
Cuba,CUB,2018,0.13102305
"Somalia, Fed. Rep.",SOM,2018,0.13056048
"French Polynesia",PYF,2018,0.13000540
Andorra,AND,2018,0.12949657
"Micronesia, Fed. Sts.",FSM,2018,0.12581913
Bermuda,BMU,2018,0.12482461
Nauru,NRU,2018,0.12385321
Barbados,BRB,2018,0.12285868
Curacao,CUW,2018,0.12096215
Sudan,SDN,2018,0.11962069
"Puerto Rico (US)",PRI,2018,0.11573510
"Sint Maarten (Dutch part)",SXM,2018,0.10995297
"Venezuela, RB",VEN,2018,0.08034847
"Hong Kong SAR, China",HKG,2019,0.64904287
China,CHN,2019,0.56200920
"United States",USA,2019,0.54802289
"North America",NAC,2019,0.54788048
Norway,NOR,2019,0.53182732
Thailand,THA,2019,0.52711608
"Korea, Rep.",KOR,2019,0.52543007
Japan,JPN,2019,0.51516119
Malaysia,MYS,2019,0.49845884
Denmark,DNK,2019,0.49815089
"East Asia & Pacific",EAS,2019,0.49136851
"East Asia & Pacific (IDA & IBRD countries)",TEA,2019,0.48809770
"East Asia & Pacific (excluding high income)",EAP,2019,0.48809388
"Post-demographic dividend",PST,2019,0.48580500
"OECD members",OED,2019,0.47478588
"High income",HIC,2019,0.47461455
Australia,AUS,2019,0.46200799
Fiji,FJI,2019,0.46127881
Sweden,SWE,2019,0.45749415
"Late-demographic dividend",LTE,2019,0.45614602
Qatar,QAT,2019,0.45599274
World,WLD,2019,0.45521734
"United Kingdom",GBR,2019,0.45385211
"Upper middle income",UMC,2019,0.44715073
Iceland,ISL,2019,0.44684545
Chile,CHL,2019,0.44284594
Samoa,WSM,2019,0.44270670
Cyprus,CYP,2019,0.43024869
Mauritius,MUS,2019,0.42843866
Jordan,JOR,2019,0.42706868
Italy,ITA,2019,0.42660195
Luxembourg,LUX,2019,0.42572005
"IBRD only",IBD,2019,0.42383206
"Middle income",MIC,2019,0.42276526
"Low & middle income",LMY,2019,0.42149557
France,FRA,2019,0.42133919
Georgia,GEO,2019,0.41860281
"IDA & IBRD total",IBT,2019,0.41475799
Armenia,ARM,2019,0.41296424
"Bosnia and Herzegovina",BIH,2019,0.41029716
Netherlands,NLD,2019,0.40973950
Finland,FIN,2019,0.40432852
Portugal,PRT,2019,0.40422241
Spain,ESP,2019,0.40373586
Honduras,HND,2019,0.40318335
Cambodia,KHM,2019,0.40288732
Bulgaria,BGR,2019,0.40284655
Czechia,CZE,2019,0.40122991
"Costa Rica",CRI,2019,0.40100527
"North Macedonia",MKD,2019,0.39961782
Montenegro,MNE,2019,0.39915110
"Europe & Central Asia",ECS,2019,0.39278572
"St. Lucia",LCA,2019,0.39222389
Austria,AUT,2019,0.39151509
Nepal,NPL,2019,0.39097871
Grenada,GRD,2019,0.39049273
"European Union",EUU,2019,0.38960942
Bangladesh,BGD,2019,0.38854688
Belize,BLZ,2019,0.38786721
Timor-Leste,TLS,2019,0.38662658
Colombia,COL,2019,0.38624246
Hungary,HUN,2019,0.38481759
Greece,GRC,2019,0.38465648
"Antigua and Barbuda",ATG,2019,0.38079701
"St. Vincent and the Grenadines",VCT,2019,0.37981122
"Pacific island small states",PSS,2019,0.37963848
Guyana,GUY,2019,0.37938694
Indonesia,IDN,2019,0.37848400
Jamaica,JAM,2019,0.37818176
Dominica,DMA,2019,0.37612809
Brazil,BRA,2019,0.37612255
Botswana,BWA,2019,0.37385528
Malta,MLT,2019,0.37327536
"Brunei Darussalam",BRN,2019,0.37278024
"Other small states",OSS,2019,0.37138379
Albania,ALB,2019,0.36978188
Maldives,MDV,2019,0.36960211
Guatemala,GTM,2019,0.36960163
Belgium,BEL,2019,0.36929629
"Trinidad and Tobago",TTO,2019,0.36914684
Mexico,MEX,2019,0.36740419
Romania,ROU,2019,0.36656240
Uzbekistan,UZB,2019,0.36470922
"Dominican Republic",DOM,2019,0.36425062
"Egypt, Arab Rep.",EGY,2019,0.36316975
Moldova,MDA,2019,0.36301508
"Small states",SST,2019,0.36186622
"Slovak Republic",SVK,2019,0.35874555
Rwanda,RWA,2019,0.35874506
Estonia,EST,2019,0.35630333
Uruguay,URY,2019,0.35542204
"El Salvador",SLV,2019,0.35532946
Turkiye,TUR,2019,0.35422594
Nicaragua,NIC,2019,0.35290552
Tunisia,TUN,2019,0.35104188
Algeria,DZA,2019,0.34948231
Croatia,HRV,2019,0.34794788
Philippines,PHL,2019,0.34733030
Poland,POL,2019,0.34701144
Bolivia,BOL,2019,0.34662072
Mozambique,MOZ,2019,0.34230649
Kosovo,XKX,2019,0.34224373
Lesotho,LSO,2019,0.34011568
"Europe & Central Asia (excluding high income)",ECA,2019,0.33990601
"Macao SAR, China",MAC,2019,0.33850208
"Latin America & the Caribbean (IDA & IBRD countries)",TLA,2019,0.33801189
"Latin America & Caribbean",LCN,2019,0.33796899
"Central Europe and the Baltics",CEB,2019,0.33785991
Angola,AGO,2019,0.33682150
"Cabo Verde",CPV,2019,0.33450950
Slovenia,SVN,2019,0.33419311
Serbia,SRB,2019,0.33338690
"West Bank and Gaza",PSE,2019,0.33235096
"Latin America & Caribbean (excluding high income)",LAC,2019,0.33208571
Paraguay,PRY,2019,0.33179931
Lithuania,LTU,2019,0.33102823
"Caribbean small states",CSS,2019,0.32998431
Belarus,BLR,2019,0.32956599
Ireland,IRL,2019,0.32845738
Switzerland,CHE,2019,0.32808052
"Sierra Leone",SLE,2019,0.32806722
Kuwait,KWT,2019,0.32778630
Ecuador,ECU,2019,0.32694596
"Bahamas, The",BHS,2019,0.32617253
Seychelles,SYC,2019,0.32606917
"South Africa",ZAF,2019,0.32160519
"Burkina Faso",BFA,2019,0.32132508
Ukraine,UKR,2019,0.32050754
Malawi,MWI,2019,0.31866740
Senegal,SEN,2019,0.31810385
Latvia,LVA,2019,0.31734157
Togo,TGO,2019,0.31652044
Namibia,NAM,2019,0.31492336
"Solomon Islands",SLB,2019,0.31325638
Azerbaijan,AZE,2019,0.31271156
Djibouti,DJI,2019,0.30958712
Kazakhstan,KAZ,2019,0.30909316
"Cote d'Ivoire",CIV,2019,0.30861460
Mali,MLI,2019,0.30786808
Benin,BEN,2019,0.30695716
"Middle East, North Africa, Afghanistan & Pakistan (excluding high income)",MNA,2019,0.30636009
"Middle East, North Africa, Afghanistan & Pakistan (IDA & IBRD)",TMN,2019,0.30589863
Uganda,UGA,2019,0.29979453
Guinea-Bissau,GNB,2019,0.29758143
Niger,NER,2019,0.29704121
Tanzania,TZA,2019,0.29644152
Iraq,IRQ,2019,0.29177814
Pakistan,PAK,2019,0.29038066
"Viet Nam",VNM,2019,0.28706808
Ethiopia,ETH,2019,0.28440642
Chad,TCD,2019,0.28393013
Ghana,GHA,2019,0.28344271
"Gambia, The",GMB,2019,0.28277963
"Lao PDR",LAO,2019,0.28247484
Burundi,BDI,2019,0.28169525
Mongolia,MNG,2019,0.28127684
"Least developed countries: UN classification",LDC,2019,0.28120277
"IDA only",IDX,2019,0.28108255
Kenya,KEN,2019,0.28093121
Guinea,GIN,2019,0.28049338
"Papua New Guinea",PNG,2019,0.27997500
"Heavily indebted poor countries (HIPC)",HPC,2019,0.27974418
Israel,ISR,2019,0.27938325
Kiribati,KIR,2019,0.27934807
Gabon,GAB,2019,0.27924187
"South Asia",SAS,2019,0.27918770
"South Asia (IDA & IBRD)",TSA,2019,0.27918770
"Lower middle income",LMC,2019,0.27918331
"IDA total",IDA,2019,0.27915794
India,IND,2019,0.27864063
Panama,PAN,2019,0.27842359
Cameroon,CMR,2019,0.27822804
"Africa Western and Central",AFW,2019,0.27794518
Morocco,MAR,2019,0.27768554
"Pre-demographic dividend",PRE,2019,0.27758082
Mauritania,MRT,2019,0.27749903
"IDA blend",IDB,2019,0.27734002
"Central African Republic",CAF,2019,0.27725739
"Low income",LIC,2019,0.27699188
"Europe & Central Asia (IDA & IBRD countries)",TEC,2019,0.27661362
"Sub-Saharan Africa",SSF,2019,0.27603214
"Sub-Saharan Africa (IDA & IBRD countries)",TSS,2019,0.27603214
"New Zealand",NZL,2019,0.27586249
Bahrain,BHR,2019,0.27547126
Peru,PER,2019,0.27543658
"Sub-Saharan Africa (excluding high income)",SSA,2019,0.27540767
"Saudi Arabia",SAU,2019,0.27538732
"Early-demographic dividend",EAR,2019,0.27531096
"United Arab Emirates",ARE,2019,0.27479138
Canada,CAN,2019,0.27478805
"Arab World",ARB,2019,0.27465123
"Russian Federation",RUS,2019,0.27449522
"Middle East, North Africa, Afghanistan & Pakistan",MEA,2019,0.27428117
"Africa Eastern and Southern",AFE,2019,0.27424351
Singapore,SGP,2019,0.27392799
Comoros,COM,2019,0.27381787
"Congo, Rep.",COG,2019,0.27286148
Germany,DEU,2019,0.27282827
"Sao Tome and Principe",STP,2019,0.27281311
"Fragile and conflict affected situations",FCS,2019,0.27207586
Nigeria,NGA,2019,0.27186859
Zambia,ZMB,2019,0.27094801
Haiti,HTI,2019,0.27002587
"Sri Lanka",LKA,2019,0.26925754
Bhutan,BTN,2019,0.26843787
Oman,OMN,2019,0.26831522
Libya,LBY,2019,0.26207354
Vanuatu,VUT,2019,0.26187411
"Equatorial Guinea",GNQ,2019,0.25785666
Liberia,LBR,2019,0.25509110
"Iran, Islamic Rep.",IRN,2019,0.25039777
Tonga,TON,2019,0.25004297
"Euro area",EMU,2019,0.24475672
"St. Kitts and Nevis",KNA,2019,0.24390788
Eswatini,SWZ,2019,0.21280365
"Kyrgyz Republic",KGZ,2019,0.21247903
Suriname,SUR,2019,0.20313196
"South Sudan",SSD,2019,0.19952709
Argentina,ARG,2019,0.16452306
Madagascar,MDG,2019,0.15146299
"Sint Maarten (Dutch part)",SXM,2019,0.15119112
"Marshall Islands",MHL,2019,0.14998844
Nauru,NRU,2019,0.14559402
Palau,PLW,2019,0.14519373
"San Marino",SMR,2019,0.14511726
Afghanistan,AFG,2019,0.14441754
Lebanon,LBN,2019,0.14414606
Tajikistan,TJK,2019,0.14293424
Monaco,MCO,2019,0.14228664
Myanmar,MMR,2019,0.14103770
Turkmenistan,TKM,2019,0.14039010
"Turks and Caicos Islands",TCA,2019,0.13733714
"Faroe Islands",FRO,2019,0.13631948
"Micronesia, Fed. Sts.",FSM,2019,0.13525557
"Somalia, Fed. Rep.",SOM,2019,0.13229512
"French Polynesia",PYF,2019,0.13204071
Andorra,AND,2019,0.13049110
"Puerto Rico (US)",PRI,2019,0.12970473
Aruba,ABW,2019,0.12866394
"Congo, Dem. Rep.",COD,2019,0.12711433
Bermuda,BMU,2019,0.12653612
Barbados,BRB,2019,0.12635109
Cuba,CUB,2019,0.12544908
Sudan,SDN,2019,0.12077712
Curacao,CUW,2019,0.11839488
Zimbabwe,ZWE,2019,0.11117878
"Venezuela, RB",VEN,2019,0.06184566
"Hong Kong SAR, China",HKG,2020,0.66840065
China,CHN,2020,0.57639270
"United States",USA,2020,0.57275971
"North America",NAC,2020,0.57232334
Norway,NOR,2020,0.54470194
"Korea, Rep.",KOR,2020,0.53889246
Japan,JPN,2020,0.53219576
Thailand,THA,2020,0.53049175
"East Asia & Pacific",EAS,2020,0.50431416
"East Asia & Pacific (IDA & IBRD countries)",TEA,2020,0.50010203
"East Asia & Pacific (excluding high income)",EAP,2020,0.50009438
"Post-demographic dividend",PST,2020,0.49778459
Malaysia,MYS,2020,0.49477623
Denmark,DNK,2020,0.49251792
"OECD members",OED,2020,0.48597063
Qatar,QAT,2020,0.48562452
"High income",HIC,2020,0.48559798
"Late-demographic dividend",LTE,2020,0.46871907
Australia,AUS,2020,0.46542214
World,WLD,2020,0.46510046
"Upper middle income",UMC,2020,0.46037236
Sweden,SWE,2020,0.45683138
Fiji,FJI,2020,0.45584140
"United Kingdom",GBR,2020,0.44787353
Iceland,ISL,2020,0.44473878
"IBRD only",IBD,2020,0.43162567
Samoa,WSM,2020,0.43139274
"Middle income",MIC,2020,0.43083538
"Low & middle income",LMY,2020,0.42925771
Jordan,JOR,2020,0.42884352
"Macao SAR, China",MAC,2020,0.42646857
Chile,CHL,2020,0.42595876
France,FRA,2020,0.42570862
Guyana,GUY,2020,0.42189870
"IDA & IBRD total",IBT,2020,0.42138200
Luxembourg,LUX,2020,0.42022135
Italy,ITA,2020,0.41929733
Georgia,GEO,2020,0.41350041
Mauritius,MUS,2020,0.41166413
Cyprus,CYP,2020,0.40924639
Finland,FIN,2020,0.40392002
Cambodia,KHM,2020,0.40323364
Netherlands,NLD,2020,0.39839665
Armenia,ARM,2020,0.39732892
"Bosnia and Herzegovina",BIH,2020,0.39529248
Portugal,PRT,2020,0.39410864
Spain,ESP,2020,0.39281746
"Costa Rica",CRI,2020,0.39187300
Bulgaria,BGR,2020,0.38863704
"Europe & Central Asia",ECS,2020,0.38862381
"North Macedonia",MKD,2020,0.38697651
Brazil,BRA,2020,0.38696399
Honduras,HND,2020,0.38683168
Czechia,CZE,2020,0.38532636
"European Union",EUU,2020,0.38393140
Nepal,NPL,2020,0.38364922
Austria,AUT,2020,0.38241075
Bangladesh,BGD,2020,0.38011134
Turkiye,TUR,2020,0.37232959
"St. Vincent and the Grenadines",VCT,2020,0.37099340
Hungary,HUN,2020,0.37094331
Colombia,COL,2020,0.37007643
"Pacific island small states",PSS,2020,0.36947622
Grenada,GRD,2020,0.36785814
Montenegro,MNE,2020,0.36735520
Timor-Leste,TLS,2020,0.36724536
Jamaica,JAM,2020,0.36586529
Malta,MLT,2020,0.36407968
"St. Lucia",LCA,2020,0.36350546
Belgium,BEL,2020,0.36237321
Albania,ALB,2020,0.36187576
Indonesia,IDN,2020,0.36132872
"Egypt, Arab Rep.",EGY,2020,0.36105430
"Brunei Darussalam",BRN,2020,0.36018617
Greece,GRC,2020,0.36017081
Belize,BLZ,2020,0.35936128
Guatemala,GTM,2020,0.35822457
"Trinidad and Tobago",TTO,2020,0.35807700
Botswana,BWA,2020,0.35774162
"Other small states",OSS,2020,0.35723299
Uzbekistan,UZB,2020,0.35563476
Nicaragua,NIC,2020,0.35415934
Mexico,MEX,2020,0.35369664
"Slovak Republic",SVK,2020,0.35224832
Romania,ROU,2020,0.34861664
"Small states",SST,2020,0.34819946
Estonia,EST,2020,0.34801063
"Antigua and Barbuda",ATG,2020,0.34794632
Dominica,DMA,2020,0.34732743
"Europe & Central Asia (excluding high income)",ECA,2020,0.34414597
Uruguay,URY,2020,0.34222922
"Dominican Republic",DOM,2020,0.34138215
Moldova,MDA,2020,0.34111261
"El Salvador",SLV,2020,0.34042294
Tunisia,TUN,2020,0.33888808
Mozambique,MOZ,2020,0.33769569
Rwanda,RWA,2020,0.33724295
Paraguay,PRY,2020,0.33537370
Bolivia,BOL,2020,0.33448095
Algeria,DZA,2020,0.33269265
Lesotho,LSO,2020,0.33166459
Croatia,HRV,2020,0.33055217
Poland,POL,2020,0.32991293
Ireland,IRL,2020,0.32874778
Belarus,BLR,2020,0.32819154
"Latin America & the Caribbean (IDA & IBRD countries)",TLA,2020,0.32729092
"Latin America & Caribbean",LCN,2020,0.32724111
Kosovo,XKX,2020,0.32680107
Serbia,SRB,2020,0.32492465
"Central Europe and the Baltics",CEB,2020,0.32293244
"Latin America & Caribbean (excluding high income)",LAC,2020,0.32066195
Switzerland,CHE,2020,0.32017351
Angola,AGO,2020,0.31865553
Slovenia,SVN,2020,0.31845448
Lithuania,LTU,2020,0.31832123
Philippines,PHL,2020,0.31688728
"Sierra Leone",SLE,2020,0.31644088
"Caribbean small states",CSS,2020,0.31629808
Ukraine,UKR,2020,0.31481753
Ecuador,ECU,2020,0.31436018
"West Bank and Gaza",PSE,2020,0.31420250
"Burkina Faso",BFA,2020,0.31084787
"South Africa",ZAF,2020,0.31071865
Senegal,SEN,2020,0.30994693
Togo,TGO,2020,0.30875764
Latvia,LVA,2020,0.30733977
Malawi,MWI,2020,0.30721487
Namibia,NAM,2020,0.30558600
Maldives,MDV,2020,0.30538220
"Solomon Islands",SLB,2020,0.30345929
"Middle East, North Africa, Afghanistan & Pakistan (excluding high income)",MNA,2020,0.30278179
"Middle East, North Africa, Afghanistan & Pakistan (IDA & IBRD)",TMN,2020,0.30206770
Djibouti,DJI,2020,0.29842562
"Cote d'Ivoire",CIV,2020,0.29621175
Benin,BEN,2020,0.29618248
Mali,MLI,2020,0.29455465
Kazakhstan,KAZ,2020,0.29430048
Seychelles,SYC,2020,0.29401994
Uganda,UGA,2020,0.29213166
Guinea-Bissau,GNB,2020,0.29196382
Niger,NER,2020,0.29012834
Kuwait,KWT,2020,0.28755194
Tanzania,TZA,2020,0.28741298
Azerbaijan,AZE,2020,0.28634221
Bhutan,BTN,2020,0.28155785
Pakistan,PAK,2020,0.28105321
Guinea,GIN,2020,0.27793348
Ethiopia,ETH,2020,0.27734712
"Viet Nam",VNM,2020,0.27652279
"Bahamas, The",BHS,2020,0.27435405
"Sao Tome and Principe",STP,2020,0.27342099
"Central African Republic",CAF,2020,0.27254383
"Cabo Verde",CPV,2020,0.27119785
Cameroon,CMR,2020,0.27078448
Comoros,COM,2020,0.27035147
"Lao PDR",LAO,2020,0.27032249
"Gambia, The",GMB,2020,0.27021329
"New Zealand",NZL,2020,0.26974528
"Heavily indebted poor countries (HIPC)",HPC,2020,0.26973923
"Iran, Islamic Rep.",IRN,2020,0.26968876
Mauritania,MRT,2020,0.26936963
"Least developed countries: UN classification",LDC,2020,0.26927545
Burundi,BDI,2020,0.26903421
"IDA only",IDX,2020,0.26875385
Ghana,GHA,2020,0.26851411
Chad,TCD,2020,0.26850876
Kenya,KEN,2020,0.26842306
"Low income",LIC,2020,0.26675099
Kiribati,KIR,2020,0.26674119
"Europe & Central Asia (IDA & IBRD countries)",TEC,2020,0.26669549
Israel,ISR,2020,0.26666591
Gabon,GAB,2020,0.26634427
"IDA total",IDA,2020,0.26559923
"Russian Federation",RUS,2020,0.26369467
Oman,OMN,2020,0.26345543
"IDA blend",IDB,2020,0.26270386
"Africa Eastern and Southern",AFE,2020,0.26260941
Singapore,SGP,2020,0.26236914
"Sub-Saharan Africa",SSF,2020,0.26232244
"Sub-Saharan Africa (IDA & IBRD countries)",TSS,2020,0.26232244
Haiti,HTI,2020,0.26230293
"Middle East, North Africa, Afghanistan & Pakistan",MEA,2020,0.26228167
"Papua New Guinea",PNG,2020,0.26192227
"Africa Western and Central",AFW,2020,0.26153709
Germany,DEU,2020,0.26151049
"Sub-Saharan Africa (excluding high income)",SSA,2020,0.26130478
"Saudi Arabia",SAU,2020,0.26103871
"Pre-demographic dividend",PRE,2020,0.26037964
"Lower middle income",LMC,2020,0.26004886
"Early-demographic dividend",EAR,2020,0.26003905
Canada,CAN,2020,0.25918403
Mongolia,MNG,2020,0.25914712
Zambia,ZMB,2020,0.25864872
Bahrain,BHR,2020,0.25833422
"Arab World",ARB,2020,0.25830356
"Equatorial Guinea",GNQ,2020,0.25821368
"Sri Lanka",LKA,2020,0.25807921
Liberia,LBR,2020,0.25773897
"South Asia",SAS,2020,0.25741081
"South Asia (IDA & IBRD)",TSA,2020,0.25741081
Iraq,IRQ,2020,0.25722853
"Congo, Rep.",COG,2020,0.25592627
India,IND,2020,0.25521659
Morocco,MAR,2020,0.25423835
"Fragile and conflict affected situations",FCS,2020,0.25286902
"United Arab Emirates",ARE,2020,0.25181273
Nigeria,NGA,2020,0.25131696
Peru,PER,2020,0.24507191
Vanuatu,VUT,2020,0.24413060
Tonga,TON,2020,0.24251229
"Euro area",EMU,2020,0.23927052
Panama,PAN,2020,0.23049374
Libya,LBY,2020,0.22859711
"St. Kitts and Nevis",KNA,2020,0.21320430
Suriname,SUR,2020,0.20104648
Eswatini,SWZ,2020,0.19850402
"Kyrgyz Republic",KGZ,2020,0.18671727
"South Sudan",SSD,2020,0.17436332
Argentina,ARG,2020,0.16973662
"San Marino",SMR,2020,0.14534667
Palau,PLW,2020,0.14521285
Afghanistan,AFG,2020,0.14315575
Turkmenistan,TKM,2020,0.13946496
Tajikistan,TJK,2020,0.13599568
Nauru,NRU,2020,0.12945031
Madagascar,MDG,2020,0.12786091
"Congo, Dem. Rep.",COD,2020,0.12762316
"Faroe Islands",FRO,2020,0.12202606
"Micronesia, Fed. Sts.",FSM,2020,0.12195667
"Somalia, Fed. Rep.",SOM,2020,0.11943566
"Marshall Islands",MHL,2020,0.11941254
Sudan,SDN,2020,0.11742348
"Puerto Rico (US)",PRI,2020,0.11615141
Lebanon,LBN,2020,0.11284986
Bermuda,BMU,2020,0.11002236
Zimbabwe,ZWE,2020,0.10773263
Myanmar,MMR,2020,0.10488783
"French Polynesia",PYF,2020,0.10137229
Cuba,CUB,2020,0.10049341
Andorra,AND,2020,0.09996145
Monaco,MCO,2020,0.09519698
"Sint Maarten (Dutch part)",SXM,2020,0.09501195
Barbados,BRB,2020,0.09260658
Curacao,CUW,2020,0.08317015
Aruba,ABW,2020,0.07054198
"Venezuela, RB",VEN,2020,0.05643358
"Turks and Caicos Islands",TCA,2020,0.04759849
"Hong Kong SAR, China",HKG,2021,0.69838166
"North America",NAC,2021,0.59404882
"United States",USA,2021,0.59382342
China,CHN,2021,0.58820248
"Korea, Rep.",KOR,2021,0.55948965
Thailand,THA,2021,0.55692461
"Macao SAR, China",MAC,2021,0.55095554
Japan,JPN,2021,0.54827797
Norway,NOR,2021,0.54342190
Qatar,QAT,2021,0.51887096
"Post-demographic dividend",PST,2021,0.51744293
"East Asia & Pacific",EAS,2021,0.51517062
Malaysia,MYS,2021,0.51268436
"East Asia & Pacific (IDA & IBRD countries)",TEA,2021,0.51041458
"East Asia & Pacific (excluding high income)",EAP,2021,0.51038017
"OECD members",OED,2021,0.50469089
"High income",HIC,2021,0.50385731
Fiji,FJI,2021,0.50067624
Denmark,DNK,2021,0.49942228
World,WLD,2021,0.48195002
"Late-demographic dividend",LTE,2021,0.47933576
"United Kingdom",GBR,2021,0.47703650
Iceland,ISL,2021,0.47550541
"Upper middle income",UMC,2021,0.47343490
Sweden,SWE,2021,0.47041964
Australia,AUS,2021,0.46487271
Maldives,MDV,2021,0.45605868
France,FRA,2021,0.45179635
Italy,ITA,2021,0.45036128
"Middle income",MIC,2021,0.44723008
"IBRD only",IBD,2021,0.44706290
Mauritius,MUS,2021,0.44633861
"Low & middle income",LMY,2021,0.44572446
Georgia,GEO,2021,0.44538535
Chile,CHL,2021,0.44489153
Cambodia,KHM,2021,0.44411802
"St. Lucia",LCA,2021,0.44411619
Jordan,JOR,2021,0.44201303
"IDA & IBRD total",IBT,2021,0.43777489
Honduras,HND,2021,0.43407318
Samoa,WSM,2021,0.43396528
Montenegro,MNE,2021,0.42682321
Luxembourg,LUX,2021,0.42662449
Guyana,GUY,2021,0.42531494
Belize,BLZ,2021,0.42234015
Nepal,NPL,2021,0.42209396
Spain,ESP,2021,0.41939825
Portugal,PRT,2021,0.41809506
"Costa Rica",CRI,2021,0.41800058
"Bosnia and Herzegovina",BIH,2021,0.41763817
Armenia,ARM,2021,0.41635833
Cyprus,CYP,2021,0.41503098
Colombia,COL,2021,0.41368141
Finland,FIN,2021,0.41289841
Netherlands,NLD,2021,0.41222414
Bulgaria,BGR,2021,0.41208066
Brazil,BRA,2021,0.41113234
"North Macedonia",MKD,2021,0.41095749
Grenada,GRD,2021,0.41095636
"Europe & Central Asia",ECS,2021,0.40861405
Austria,AUT,2021,0.40788980
Czechia,CZE,2021,0.40634903
"European Union",EUU,2021,0.40466337
"Antigua and Barbuda",ATG,2021,0.40353939
Botswana,BWA,2021,0.40113236
Jamaica,JAM,2021,0.40019455
Dominica,DMA,2021,0.39913237
Hungary,HUN,2021,0.39669353
Moldova,MDA,2021,0.39357996
Malta,MLT,2021,0.39330787
Albania,ALB,2021,0.39257195
"Pacific island small states",PSS,2021,0.39239502
"Dominican Republic",DOM,2021,0.38997538
Bangladesh,BGD,2021,0.38956366
"Trinidad and Tobago",TTO,2021,0.38889988
Turkiye,TUR,2021,0.38665673
"St. Vincent and the Grenadines",VCT,2021,0.38535169
Belgium,BEL,2021,0.38531424
Mexico,MEX,2021,0.38499246
Timor-Leste,TLS,2021,0.38291741
"Brunei Darussalam",BRN,2021,0.38127121
Indonesia,IDN,2021,0.38104583
Guatemala,GTM,2021,0.38100477
"Other small states",OSS,2021,0.37909725
Nicaragua,NIC,2021,0.37899075
"El Salvador",SLV,2021,0.37882710
Bolivia,BOL,2021,0.37795334
Uruguay,URY,2021,0.37630598
Uzbekistan,UZB,2021,0.37574925
Romania,ROU,2021,0.37256003
"Small states",SST,2021,0.37091324
Algeria,DZA,2021,0.37034398
"Slovak Republic",SVK,2021,0.37010645
Rwanda,RWA,2021,0.36993375
Croatia,HRV,2021,0.36923836
Estonia,EST,2021,0.36732947
Tunisia,TUN,2021,0.36638032
Greece,GRC,2021,0.36521583
"Egypt, Arab Rep.",EGY,2021,0.36444178
"Bahamas, The",BHS,2021,0.36182452
Kosovo,XKX,2021,0.36164190
Ecuador,ECU,2021,0.35833283
"Europe & Central Asia (excluding high income)",ECA,2021,0.35797510
Kuwait,KWT,2021,0.35503590
"Latin America & the Caribbean (IDA & IBRD countries)",TLA,2021,0.35402457
"Latin America & Caribbean",LCN,2021,0.35372138
Lesotho,LSO,2021,0.35278889
"West Bank and Gaza",PSE,2021,0.34892743
Philippines,PHL,2021,0.34856668
"Latin America & Caribbean (excluding high income)",LAC,2021,0.34795090
Libya,LBY,2021,0.34645371
Angola,AGO,2021,0.34579231
Poland,POL,2021,0.34502921
Azerbaijan,AZE,2021,0.34435320
Mozambique,MOZ,2021,0.34425224
Ukraine,UKR,2021,0.34421103
Paraguay,PRY,2021,0.34365336
Slovenia,SVN,2021,0.34315760
"Central Europe and the Baltics",CEB,2021,0.34260760
"Caribbean small states",CSS,2021,0.34187769
Serbia,SRB,2021,0.34170543
Ireland,IRL,2021,0.34054692
Switzerland,CHE,2021,0.33993241
"South Africa",ZAF,2021,0.33760148
"Cabo Verde",CPV,2021,0.33702514
Belarus,BLR,2021,0.33624512
Lithuania,LTU,2021,0.33189343
Namibia,NAM,2021,0.32953744
Latvia,LVA,2021,0.32703662
"Sierra Leone",SLE,2021,0.32673130
Senegal,SEN,2021,0.32294204
"Burkina Faso",BFA,2021,0.32271381
Seychelles,SYC,2021,0.31895390
Malawi,MWI,2021,0.31852200
"Middle East, North Africa, Afghanistan & Pakistan (excluding high income)",MNA,2021,0.31723523
"Middle East, North Africa, Afghanistan & Pakistan (IDA & IBRD)",TMN,2021,0.31678366
Togo,TGO,2021,0.31373147
"Solomon Islands",SLB,2021,0.31228848
"Cote d'Ivoire",CIV,2021,0.31085774
Kazakhstan,KAZ,2021,0.31004406
Panama,PAN,2021,0.30858552
Mali,MLI,2021,0.30565839
Benin,BEN,2021,0.30440166
Djibouti,DJI,2021,0.30248926
Peru,PER,2021,0.30038312
Pakistan,PAK,2021,0.29957540
Guinea-Bissau,GNB,2021,0.29608847
Uganda,UGA,2021,0.29472314
Tanzania,TZA,2021,0.29340923
Singapore,SGP,2021,0.29280246
Israel,ISR,2021,0.29226789
India,IND,2021,0.29156613
"South Asia",SAS,2021,0.29046818
"South Asia (IDA & IBRD)",TSA,2021,0.29046818
Kiribati,KIR,2021,0.28994525
Morocco,MAR,2021,0.28943054
"Early-demographic dividend",EAR,2021,0.28690647
"Europe & Central Asia (IDA & IBRD countries)",TEC,2021,0.28671678
Niger,NER,2021,0.28660840
Kenya,KEN,2021,0.28633442
"Saudi Arabia",SAU,2021,0.28502587
"Lower middle income",LMC,2021,0.28453589
Canada,CAN,2021,0.28357754
Iraq,IRQ,2021,0.28348245
"Russian Federation",RUS,2021,0.28213455
"Middle East, North Africa, Afghanistan & Pakistan",MEA,2021,0.28167550
"United Arab Emirates",ARE,2021,0.28157075
Bahrain,BHR,2021,0.28141025
"Gambia, The",GMB,2021,0.28046371
"Arab World",ARB,2021,0.28026466
Bhutan,BTN,2021,0.28014606
"New Zealand",NZL,2021,0.28010995
"IDA blend",IDB,2021,0.27971144
Liberia,LBR,2021,0.27966717
"Heavily indebted poor countries (HIPC)",HPC,2021,0.27959861
Guinea,GIN,2021,0.27920407
"Africa Eastern and Southern",AFE,2021,0.27910126
Ghana,GHA,2021,0.27905325
Germany,DEU,2021,0.27898551
"IDA total",IDA,2021,0.27870368
"Sri Lanka",LKA,2021,0.27817286
Cameroon,CMR,2021,0.27797307
"IDA only",IDX,2021,0.27793335
"Sub-Saharan Africa",SSF,2021,0.27786033
"Sub-Saharan Africa (IDA & IBRD countries)",TSS,2021,0.27786033
"Sub-Saharan Africa (excluding high income)",SSA,2021,0.27771316
Zambia,ZMB,2021,0.27710559
Oman,OMN,2021,0.27644089
"Viet Nam",VNM,2021,0.27631415
"Least developed countries: UN classification",LDC,2021,0.27616337
Comoros,COM,2021,0.27574181
"Africa Western and Central",AFW,2021,0.27558002
"Lao PDR",LAO,2021,0.27552994
Burundi,BDI,2021,0.27539791
"Pre-demographic dividend",PRE,2021,0.27496087
Gabon,GAB,2021,0.27409922
Ethiopia,ETH,2021,0.27389803
"Equatorial Guinea",GNQ,2021,0.27314339
"Fragile and conflict affected situations",FCS,2021,0.27302591
"Congo, Rep.",COG,2021,0.27281755
"Sao Tome and Principe",STP,2021,0.27239811
"Low income",LIC,2021,0.27211504
Mongolia,MNG,2021,0.27209501
Chad,TCD,2021,0.27208125
"Central African Republic",CAF,2021,0.27175384
Mauritania,MRT,2021,0.27146259
"Papua New Guinea",PNG,2021,0.26822357
Haiti,HTI,2021,0.26765185
Nigeria,NGA,2021,0.26720236
"Iran, Islamic Rep.",IRN,2021,0.26407756
"St. Kitts and Nevis",KNA,2021,0.26308439
"Euro area",EMU,2021,0.26163464
Vanuatu,VUT,2021,0.25099684
Tonga,TON,2021,0.24088777
Suriname,SUR,2021,0.23345454
"Kyrgyz Republic",KGZ,2021,0.22509810
Argentina,ARG,2021,0.22180065
Eswatini,SWZ,2021,0.20961828
"South Sudan",SSD,2021,0.20869601
"Turks and Caicos Islands",TCA,2021,0.19434893
Monaco,MCO,2021,0.17723383
Aruba,ABW,2021,0.15988744
Madagascar,MDG,2021,0.15714267
Tajikistan,TJK,2021,0.14755994
Zimbabwe,ZWE,2021,0.14540899
Andorra,AND,2021,0.14499268
"San Marino",SMR,2021,0.14467754
Palau,PLW,2021,0.14429901
Nauru,NRU,2021,0.14374374
Afghanistan,AFG,2021,0.14333546
"Congo, Dem. Rep.",COD,2021,0.14069077
Turkmenistan,TKM,2021,0.14015882
"Faroe Islands",FRO,2021,0.13754529
Bermuda,BMU,2021,0.13648138
"Sint Maarten (Dutch part)",SXM,2021,0.13641200
Curacao,CUW,2021,0.13548686
"Somalia, Fed. Rep.",SOM,2021,0.13379847
"French Polynesia",PYF,2021,0.13361345
"Micronesia, Fed. Sts.",FSM,2021,0.13298898
"Marshall Islands",MHL,2021,0.13081489
Cuba,CUB,2021,0.12871020
"Venezuela, RB",VEN,2021,0.12803947
"Puerto Rico (US)",PRI,2021,0.12672115
Barbados,BRB,2021,0.12558785
Sudan,SDN,2021,0.12149410
Myanmar,MMR,2021,0.09801866
Lebanon,LBN,2021,0.08612287
"Hong Kong SAR, China",HKG,2022,0.68334571
China,CHN,2022,0.58388035
"Korea, Rep.",KOR,2022,0.55490155
Thailand,THA,2022,0.55284680
Japan,JPN,2022,0.54448689
"North America",NAC,2022,0.53806988
"United States",USA,2022,0.53753980
"Macao SAR, China",MAC,2022,0.53477917
Fiji,FJI,2022,0.53324612
"East Asia & Pacific",EAS,2022,0.51068452
Norway,NOR,2022,0.50817114
"East Asia & Pacific (excluding high income)",EAP,2022,0.50751037
"East Asia & Pacific (IDA & IBRD countries)",TEA,2022,0.50749890
Malaysia,MYS,2022,0.50573571
Guyana,GUY,2022,0.50070396
Qatar,QAT,2022,0.49448386
"Post-demographic dividend",PST,2022,0.48722666
"Late-demographic dividend",LTE,2022,0.48005364
"High income",HIC,2022,0.47893747
"OECD members",OED,2022,0.47455807
Iceland,ISL,2022,0.47386129
World,WLD,2022,0.46715380
Denmark,DNK,2022,0.46652873
"Upper middle income",UMC,2022,0.46337648
Cambodia,KHM,2022,0.46336919
Australia,AUS,2022,0.46201037
Sweden,SWE,2022,0.45784951
"United Kingdom",GBR,2022,0.45301040
"IBRD only",IBD,2022,0.45245068
"Middle income",MIC,2022,0.44835218
"Low & middle income",LMY,2022,0.44668343
Samoa,WSM,2022,0.44387977
Mauritius,MUS,2022,0.44326543
Jordan,JOR,2022,0.44186686
"IDA & IBRD total",IBT,2022,0.44129670
France,FRA,2022,0.43879281
"St. Lucia",LCA,2022,0.43828130
Italy,ITA,2022,0.43163336
Georgia,GEO,2022,0.42777640
Chile,CHL,2022,0.42562933
Honduras,HND,2022,0.42328374
Armenia,ARM,2022,0.41998463
Montenegro,MNE,2022,0.41041887
Grenada,GRD,2022,0.41008819
Nepal,NPL,2022,0.40964344
"Pacific island small states",PSS,2022,0.40933653
"North Macedonia",MKD,2022,0.40630844
Luxembourg,LUX,2022,0.40596196
Portugal,PRT,2022,0.40567438
"Bosnia and Herzegovina",BIH,2022,0.40541473
"Costa Rica",CRI,2022,0.40456543
Dominica,DMA,2022,0.40433490
Bulgaria,BGR,2022,0.40332021
Spain,ESP,2022,0.40212569
Belize,BLZ,2022,0.40172417
Jamaica,JAM,2022,0.40156669
Austria,AUT,2022,0.40116555
Finland,FIN,2022,0.40102574
Netherlands,NLD,2022,0.39936419
Colombia,COL,2022,0.39863774
Czechia,CZE,2022,0.39842787
Maldives,MDV,2022,0.39631115
"Antigua and Barbuda",ATG,2022,0.39561380
Brazil,BRA,2022,0.39333704
"Europe & Central Asia",ECS,2022,0.39330642
Bangladesh,BGD,2022,0.39026329
"European Union",EUU,2022,0.38954534
"St. Vincent and the Grenadines",VCT,2022,0.38791695
Indonesia,IDN,2022,0.38577677
"Trinidad and Tobago",TTO,2022,0.38497465
Albania,ALB,2022,0.38407779
Botswana,BWA,2022,0.38340006
Hungary,HUN,2022,0.38249316
Cyprus,CYP,2022,0.38216038
"Brunei Darussalam",BRN,2022,0.38147579
"Egypt, Arab Rep.",EGY,2022,0.37747258
Guatemala,GTM,2022,0.37661626
Mexico,MEX,2022,0.37636959
Belgium,BEL,2022,0.37425322
Uzbekistan,UZB,2022,0.37226333
"Dominican Republic",DOM,2022,0.36990996
Nicaragua,NIC,2022,0.36937255
Algeria,DZA,2022,0.36918419
Romania,ROU,2022,0.36875693
Rwanda,RWA,2022,0.36796346
Malta,MLT,2022,0.36702474
Bolivia,BOL,2022,0.36318324
Tunisia,TUN,2022,0.36267014
Uruguay,URY,2022,0.36219017
"Cabo Verde",CPV,2022,0.36077920
"Other small states",OSS,2022,0.36046413
"Small states",SST,2022,0.36037738
"El Salvador",SLV,2022,0.35877042
"Slovak Republic",SVK,2022,0.35688114
Kuwait,KWT,2022,0.35682658
Azerbaijan,AZE,2022,0.35409338
Lesotho,LSO,2022,0.35330558
Ecuador,ECU,2022,0.35254779
"Bahamas, The",BHS,2022,0.35171737
Philippines,PHL,2022,0.35066264
Croatia,HRV,2022,0.35044653
"Caribbean small states",CSS,2022,0.35000980
Greece,GRC,2022,0.34948793
Moldova,MDA,2022,0.34844880
Seychelles,SYC,2022,0.34840436
Mozambique,MOZ,2022,0.34763545
Kosovo,XKX,2022,0.34633255
"Latin America & the Caribbean (IDA & IBRD countries)",TLA,2022,0.34445532
"Latin America & Caribbean",LCN,2022,0.34443545
"West Bank and Gaza",PSE,2022,0.34172986
"Latin America & Caribbean (excluding high income)",LAC,2022,0.33947705
"Sierra Leone",SLE,2022,0.33830305
Estonia,EST,2022,0.33686364
Namibia,NAM,2022,0.33655518
Switzerland,CHE,2022,0.33523861
Paraguay,PRY,2022,0.33506411
Angola,AGO,2022,0.33353426
Poland,POL,2022,0.32855968
"Europe & Central Asia (excluding high income)",ECA,2022,0.32844045
"Central Europe and the Baltics",CEB,2022,0.32765425
Slovenia,SVN,2022,0.32732922
Turkiye,TUR,2022,0.32692099
"South Africa",ZAF,2022,0.32690465
Serbia,SRB,2022,0.32226626
Senegal,SEN,2022,0.31705503
Ireland,IRL,2022,0.31674614
Togo,TGO,2022,0.31546180
Lithuania,LTU,2022,0.31515342
Malawi,MWI,2022,0.31464258
Belarus,BLR,2022,0.31449634
"Middle East, North Africa, Afghanistan & Pakistan (excluding high income)",MNA,2022,0.31347354
"Middle East, North Africa, Afghanistan & Pakistan (IDA & IBRD)",TMN,2022,0.31298028
Niger,NER,2022,0.31004432
"Burkina Faso",BFA,2022,0.30941930
"Cote d'Ivoire",CIV,2022,0.30871095
Latvia,LVA,2022,0.30799707
"Solomon Islands",SLB,2022,0.30734354
Mali,MLI,2022,0.30627832
Benin,BEN,2022,0.30456812
Djibouti,DJI,2022,0.30444925
Kazakhstan,KAZ,2022,0.30343345
"Saudi Arabia",SAU,2022,0.29792589
Tanzania,TZA,2022,0.29680421
Iraq,IRQ,2022,0.29648791
Guinea-Bissau,GNB,2022,0.29625274
Uganda,UGA,2022,0.29566219
Panama,PAN,2022,0.29555643
Timor-Leste,TLS,2022,0.29244037
Pakistan,PAK,2022,0.29090516
"Viet Nam",VNM,2022,0.28965960
Oman,OMN,2022,0.28863606
"St. Kitts and Nevis",KNA,2022,0.28792899
"United Arab Emirates",ARE,2022,0.28646293
India,IND,2022,0.28615509
"Arab World",ARB,2022,0.28534857
"South Asia",SAS,2022,0.28479200
"South Asia (IDA & IBRD)",TSA,2022,0.28479200
"Middle East, North Africa, Afghanistan & Pakistan",MEA,2022,0.28405337
Bahrain,BHR,2022,0.28402156
Israel,ISR,2022,0.28390834
Mauritania,MRT,2022,0.28319960
Bhutan,BTN,2022,0.28262320
"Lower middle income",LMC,2022,0.28261559
"Papua New Guinea",PNG,2022,0.28231509
"Early-demographic dividend",EAR,2022,0.28228647
"IDA blend",IDB,2022,0.27979745
Kiribati,KIR,2022,0.27964021
Kenya,KEN,2022,0.27942768
"Gambia, The",GMB,2022,0.27941269
Liberia,LBR,2022,0.27933880
Zambia,ZMB,2022,0.27896392
"Heavily indebted poor countries (HIPC)",HPC,2022,0.27868609
"Pre-demographic dividend",PRE,2022,0.27858312
"IDA total",IDA,2022,0.27849657
"Least developed countries: UN classification",LDC,2022,0.27848502
Chad,TCD,2022,0.27845431
"Africa Western and Central",AFW,2022,0.27841478
Singapore,SGP,2022,0.27827805
Canada,CAN,2022,0.27820690
"IDA only",IDX,2022,0.27742530
Cameroon,CMR,2022,0.27737641
Mongolia,MNG,2022,0.27695699
"Sub-Saharan Africa",SSF,2022,0.27688915
"Sub-Saharan Africa (IDA & IBRD countries)",TSS,2022,0.27688915
"Equatorial Guinea",GNQ,2022,0.27673198
"Sub-Saharan Africa (excluding high income)",SSA,2022,0.27670412
Gabon,GAB,2022,0.27652979
"New Zealand",NZL,2022,0.27646956
Guinea,GIN,2022,0.27628716
"Africa Eastern and Southern",AFE,2022,0.27555983
"Low income",LIC,2022,0.27520898
Peru,PER,2022,0.27443015
Nigeria,NGA,2022,0.27390013
"Congo, Rep.",COG,2022,0.27337675
Morocco,MAR,2022,0.27275584
Germany,DEU,2022,0.27267555
Comoros,COM,2022,0.27233854
Vanuatu,VUT,2022,0.27135018
"Fragile and conflict affected situations",FCS,2022,0.27127256
Ethiopia,ETH,2022,0.27046228
"Europe & Central Asia (IDA & IBRD countries)",TEC,2022,0.27033047
"Central African Republic",CAF,2022,0.27002331
Burundi,BDI,2022,0.26929354
Ukraine,UKR,2022,0.26899143
"Lao PDR",LAO,2022,0.26860493
Ghana,GHA,2022,0.26795235
"South Sudan",SSD,2022,0.26761225
"Sao Tome and Principe",STP,2022,0.26462297
"Iran, Islamic Rep.",IRN,2022,0.26454815
"Russian Federation",RUS,2022,0.26253196
Haiti,HTI,2022,0.26127718
Libya,LBY,2022,0.26072575
"Euro area",EMU,2022,0.24953125
Tonga,TON,2022,0.24637020
Suriname,SUR,2022,0.23945457
"Sri Lanka",LKA,2022,0.23510568
"Kyrgyz Republic",KGZ,2022,0.23000009
Eswatini,SWZ,2022,0.21033310
Argentina,ARG,2022,0.20915081
Barbados,BRB,2022,0.16566957
"Turks and Caicos Islands",TCA,2022,0.15840722
"Sint Maarten (Dutch part)",SXM,2022,0.15796777
Madagascar,MDG,2022,0.15712158
Monaco,MCO,2022,0.15188497
Aruba,ABW,2022,0.15042788
Andorra,AND,2022,0.14793000
"Congo, Dem. Rep.",COD,2022,0.14735178
Tajikistan,TJK,2022,0.14432195
"Venezuela, RB",VEN,2022,0.14432195
"San Marino",SMR,2022,0.14325899
Curacao,CUW,2022,0.14180094
Bermuda,BMU,2022,0.14080641
Palau,PLW,2022,0.14057482
Turkmenistan,TKM,2022,0.14015882
Afghanistan,AFG,2022,0.14005480
Zimbabwe,ZWE,2022,0.14002004
Myanmar,MMR,2022,0.13516306
"Faroe Islands",FRO,2022,0.13474674
"Puerto Rico (US)",PRI,2022,0.13266518
"French Polynesia",PYF,2022,0.13261892
Nauru,NRU,2022,0.13248015
"Somalia, Fed. Rep.",SOM,2022,0.13211009
Cuba,CUB,2022,0.12991288
"Marshall Islands",MHL,2022,0.12420014
Sudan,SDN,2022,0.12359880
"Micronesia, Fed. Sts.",FSM,2022,0.11908874
Lebanon,LBN,2022,0.07983304
"Hong Kong SAR, China",HKG,2023,0.67760015
China,CHN,2023,0.59784219
"Macao SAR, China",MAC,2023,0.55779805
"Korea, Rep.",KOR,2023,0.55309406
"United States",USA,2023,0.54696967
"North America",NAC,2023,0.54676114
Japan,JPN,2023,0.54356897
Thailand,THA,2023,0.53918287
"East Asia & Pacific (excluding high income)",EAP,2023,0.52123171
"East Asia & Pacific (IDA & IBRD countries)",TEA,2023,0.52116288
"East Asia & Pacific",EAS,2023,0.51938946
Fiji,FJI,2023,0.50258113
"Late-demographic dividend",LTE,2023,0.49115510
Malaysia,MYS,2023,0.48769028
"Post-demographic dividend",PST,2023,0.48508761
Norway,NOR,2023,0.47980769
"High income",HIC,2023,0.47717893
Denmark,DNK,2023,0.47430733
"Upper middle income",UMC,2023,0.47104692
"OECD members",OED,2023,0.47061954
World,WLD,2023,0.47009129
Qatar,QAT,2023,0.46911759
Cambodia,KHM,2023,0.46053189
Samoa,WSM,2023,0.45921514
"IBRD only",IBD,2023,0.45867163
"Middle income",MIC,2023,0.45855456
"Low & middle income",LMY,2023,0.45694154
Australia,AUS,2023,0.45143482
Iceland,ISL,2023,0.45027079
"IDA & IBRD total",IBT,2023,0.45026328
Sweden,SWE,2023,0.44463340
Jordan,JOR,2023,0.43700832
"United Kingdom",GBR,2023,0.43068172
Mauritius,MUS,2023,0.42779528
Honduras,HND,2023,0.42712643
France,FRA,2023,0.42650157
Georgia,GEO,2023,0.42223388
Chile,CHL,2023,0.41900517
Italy,ITA,2023,0.41473893
Armenia,ARM,2023,0.40999533
Grenada,GRD,2023,0.40269168
"North Macedonia",MKD,2023,0.40255237
Montenegro,MNE,2023,0.40133833
"Pacific island small states",PSS,2023,0.40001056
Guyana,GUY,2023,0.39833530
Nepal,NPL,2023,0.39731497
"Costa Rica",CRI,2023,0.39693198
"Bosnia and Herzegovina",BIH,2023,0.39671572
Luxembourg,LUX,2023,0.39658215
"St. Lucia",LCA,2023,0.39334251
Finland,FIN,2023,0.39330153
Bulgaria,BGR,2023,0.39228612
Czechia,CZE,2023,0.39179736
Jamaica,JAM,2023,0.39056949
Brazil,BRA,2023,0.38660460
Bangladesh,BGD,2023,0.38611263
"St. Vincent and the Grenadines",VCT,2023,0.38584217
Dominica,DMA,2023,0.38509649
Portugal,PRT,2023,0.38502879
Netherlands,NLD,2023,0.38404219
"Europe & Central Asia",ECS,2023,0.38145150
Spain,ESP,2023,0.38120004
Belize,BLZ,2023,0.38100478
Austria,AUT,2023,0.38014194
Malta,MLT,2023,0.37955526
"Antigua and Barbuda",ATG,2023,0.37942785
Albania,ALB,2023,0.37678057
Indonesia,IDN,2023,0.37658036
Guatemala,GTM,2023,0.37628782
"European Union",EUU,2023,0.37566101
Nicaragua,NIC,2023,0.37495956
Uzbekistan,UZB,2023,0.37468460
Maldives,MDV,2023,0.37393063
Mexico,MEX,2023,0.36869607
"Egypt, Arab Rep.",EGY,2023,0.36792574
Belgium,BEL,2023,0.36649732
Botswana,BWA,2023,0.36624421
Colombia,COL,2023,0.36442766
Rwanda,RWA,2023,0.36289332
"Trinidad and Tobago",TTO,2023,0.36196742
Hungary,HUN,2023,0.36191132
Romania,ROU,2023,0.36147529
"Dominican Republic",DOM,2023,0.36121180
"El Salvador",SLV,2023,0.36033986
Cyprus,CYP,2023,0.35884744
Bolivia,BOL,2023,0.35617762
"Other small states",OSS,2023,0.35594925
Moldova,MDA,2023,0.35460578
"Small states",SST,2023,0.35456110
Uruguay,URY,2023,0.35422777
"Slovak Republic",SVK,2023,0.35393533
"Brunei Darussalam",BRN,2023,0.35391545
Kosovo,XKX,2023,0.35186313
Tunisia,TUN,2023,0.35171834
Paraguay,PRY,2023,0.35006391
Algeria,DZA,2023,0.34849231
Lesotho,LSO,2023,0.34743174
Ecuador,ECU,2023,0.34702245
Philippines,PHL,2023,0.34504859
"Latin America & the Caribbean (IDA & IBRD countries)",TLA,2023,0.34170434
"Latin America & Caribbean",LCN,2023,0.34157284
"Caribbean small states",CSS,2023,0.33999656
Greece,GRC,2023,0.33947585
Mozambique,MOZ,2023,0.33923163
Estonia,EST,2023,0.33789198
Croatia,HRV,2023,0.33759585
"Bahamas, The",BHS,2023,0.33739433
"Latin America & Caribbean (excluding high income)",LAC,2023,0.33689467
Ukraine,UKR,2023,0.33449332
Belarus,BLR,2023,0.33437583
Angola,AGO,2023,0.33365933
"Cabo Verde",CPV,2023,0.33358399
"Sierra Leone",SLE,2023,0.33268361
Namibia,NAM,2023,0.33203187
"Europe & Central Asia (excluding high income)",ECA,2023,0.33170526
"West Bank and Gaza",PSE,2023,0.33128013
Seychelles,SYC,2023,0.32824382
Switzerland,CHE,2023,0.32727589
Turkiye,TUR,2023,0.32645661
"South Africa",ZAF,2023,0.32069252
Slovenia,SVN,2023,0.32037213
"Solomon Islands",SLB,2023,0.31983627
Senegal,SEN,2023,0.31841324
Malawi,MWI,2023,0.31817924
"Burkina Faso",BFA,2023,0.31813494
"Central Europe and the Baltics",CEB,2023,0.31750859
Serbia,SRB,2023,0.31701360
Togo,TGO,2023,0.31543261
Djibouti,DJI,2023,0.31245104
Lithuania,LTU,2023,0.31227005
Poland,POL,2023,0.31159092
"Cote d'Ivoire",CIV,2023,0.31098060
"Middle East, North Africa, Afghanistan & Pakistan (excluding high income)",MNA,2023,0.31073041
"Middle East, North Africa, Afghanistan & Pakistan (IDA & IBRD)",TMN,2023,0.30981333
Kazakhstan,KAZ,2023,0.30939649
Mali,MLI,2023,0.30936903
Kuwait,KWT,2023,0.30677635
Libya,LBY,2023,0.30644354
Benin,BEN,2023,0.30639379
Latvia,LVA,2023,0.30117063
Tanzania,TZA,2023,0.29990259
Azerbaijan,AZE,2023,0.29805073
Uganda,UGA,2023,0.29770999
Guinea-Bissau,GNB,2023,0.29461228
Ireland,IRL,2023,0.29377726
India,IND,2023,0.29021087
Bhutan,BTN,2023,0.28846201
"South Asia",SAS,2023,0.28835901
"South Asia (IDA & IBRD)",TSA,2023,0.28835901
Panama,PAN,2023,0.28712953
Mauritania,MRT,2023,0.28497394
Niger,NER,2023,0.28457326
Mongolia,MNG,2023,0.28432003
Iraq,IRQ,2023,0.28375883
"Lower middle income",LMC,2023,0.28226391
"Viet Nam",VNM,2023,0.28159959
Kenya,KEN,2023,0.28141291
Guinea,GIN,2023,0.28094689
"United Arab Emirates",ARE,2023,0.28043812
Bahrain,BHR,2023,0.28006320
"Early-demographic dividend",EAR,2023,0.27950312
Zambia,ZMB,2023,0.27937603
"Papua New Guinea",PNG,2023,0.27904864
"Gambia, The",GMB,2023,0.27831953
"Russian Federation",RUS,2023,0.27830808
Liberia,LBR,2023,0.27808223
"Africa Western and Central",AFW,2023,0.27758522
Morocco,MAR,2023,0.27725256
"Europe & Central Asia (IDA & IBRD countries)",TEC,2023,0.27639543
"Heavily indebted poor countries (HIPC)",HPC,2023,0.27639234
Chad,TCD,2023,0.27617646
Cameroon,CMR,2023,0.27604233
"IDA only",IDX,2023,0.27593359
"IDA blend",IDB,2023,0.27591791
"IDA total",IDA,2023,0.27545554
"Least developed countries: UN classification",LDC,2023,0.27539781
Gabon,GAB,2023,0.27537149
Comoros,COM,2023,0.27485430
"Sub-Saharan Africa",SSF,2023,0.27484524
"Sub-Saharan Africa (IDA & IBRD countries)",TSS,2023,0.27484524
Ethiopia,ETH,2023,0.27480286
"Middle East, North Africa, Afghanistan & Pakistan",MEA,2023,0.27472576
"Sub-Saharan Africa (excluding high income)",SSA,2023,0.27433642
"Pre-demographic dividend",PRE,2023,0.27406783
Oman,OMN,2023,0.27401398
"Congo, Rep.",COG,2023,0.27388950
Israel,ISR,2023,0.27373124
Kiribati,KIR,2023,0.27369685
Singapore,SGP,2023,0.27347869
"Fragile and conflict affected situations",FCS,2023,0.27337015
"Arab World",ARB,2023,0.27335661
Canada,CAN,2023,0.27317121
"Africa Eastern and Southern",AFE,2023,0.27275044
"New Zealand",NZL,2023,0.27214004
"Central African Republic",CAF,2023,0.27159566
"Saudi Arabia",SAU,2023,0.27147414
Pakistan,PAK,2023,0.27076358
"St. Kitts and Nevis",KNA,2023,0.27027673
Nigeria,NGA,2023,0.26938889
Burundi,BDI,2023,0.26833208
"Low income",LIC,2023,0.26791182
"Lao PDR",LAO,2023,0.26784818
Peru,PER,2023,0.26772091
Germany,DEU,2023,0.26682888
"Iran, Islamic Rep.",IRN,2023,0.26639797
"South Sudan",SSD,2023,0.26509602
Timor-Leste,TLS,2023,0.26504485
"Sao Tome and Principe",STP,2023,0.26384287
Ghana,GHA,2023,0.26380670
"Sri Lanka",LKA,2023,0.25940292
"Equatorial Guinea",GNQ,2023,0.25825014
Vanuatu,VUT,2023,0.25701839
Haiti,HTI,2023,0.25545667
Tonga,TON,2023,0.24587782
"Euro area",EMU,2023,0.23470570
"Kyrgyz Republic",KGZ,2023,0.22865798
Suriname,SUR,2023,0.22486827
Eswatini,SWZ,2023,0.21178307
Argentina,ARG,2023,0.19976517
"Turks and Caicos Islands",TCA,2023,0.15757459
Madagascar,MDG,2023,0.15506007
Afghanistan,AFG,2023,0.14707112
"Congo, Dem. Rep.",COD,2023,0.14554776
Tajikistan,TJK,2023,0.14501580
Aruba,ABW,2023,0.14365122
"San Marino",SMR,2023,0.14302957
Palau,PLW,2023,0.14039511
Turkmenistan,TKM,2023,0.14039010
Monaco,MCO,2023,0.13840105
Zimbabwe,ZWE,2023,0.13819289
Bermuda,BMU,2023,0.13719837
Curacao,CUW,2023,0.13553311
"Somalia, Fed. Rep.",SOM,2023,0.13548686
"Venezuela, RB",VEN,2023,0.13507054
"Sint Maarten (Dutch part)",SXM,2023,0.13460797
"Faroe Islands",FRO,2023,0.13312775
Barbados,BRB,2023,0.13254953
"French Polynesia",PYF,2023,0.13222573
Andorra,AND,2023,0.13178629
Myanmar,MMR,2023,0.12803947
"Puerto Rico (US)",PRI,2023,0.12750752
Nauru,NRU,2023,0.12743813
"Micronesia, Fed. Sts.",FSM,2023,0.12685992
Cuba,CUB,2023,0.12135533
"Marshall Islands",MHL,2023,0.11423175
Lebanon,LBN,2023,0.06066531
Sudan,SDN,2023,0.05775191
"Hong Kong SAR, China",HKG,2024,0.65248247
China,CHN,2024,0.60302147
"United States",USA,2024,0.55468962
"North America",NAC,2024,0.55458853
"Korea, Rep.",KOR,2024,0.55301869
Japan,JPN,2024,0.54280429
Thailand,THA,2024,0.53414621
"East Asia & Pacific (IDA & IBRD countries)",TEA,2024,0.52780023
"East Asia & Pacific (excluding high income)",EAP,2024,0.52776581
"East Asia & Pacific",EAS,2024,0.52381965
Norway,NOR,2024,0.50176052
"Post-demographic dividend",PST,2024,0.49854732
"Late-demographic dividend",LTE,2024,0.49737070
Fiji,FJI,2024,0.49479350
Malaysia,MYS,2024,0.49354476
"High income",HIC,2024,0.48980454
Qatar,QAT,2024,0.48807833
"OECD members",OED,2024,0.48152184
World,WLD,2024,0.48040551
Denmark,DNK,2024,0.47693749
"Upper middle income",UMC,2024,0.47623877
"Middle income",MIC,2024,0.46467913
"Low & middle income",LMY,2024,0.46351059
"IBRD only",IBD,2024,0.46300461
"IDA & IBRD total",IBT,2024,0.45595786
Cambodia,KHM,2024,0.45557910
Australia,AUS,2024,0.45057891
Sweden,SWE,2024,0.44407935
Iceland,ISL,2024,0.44054829
Guyana,GUY,2024,0.43733480
Jordan,JOR,2024,0.43461055
Georgia,GEO,2024,0.43395302
Samoa,WSM,2024,0.43288977
Honduras,HND,2024,0.42851292
"United Kingdom",GBR,2024,0.42652689
Mauritius,MUS,2024,0.42620057
France,FRA,2024,0.41999935
Chile,CHL,2024,0.41657464
Armenia,ARM,2024,0.41467138
Italy,ITA,2024,0.40665052
"North Macedonia",MKD,2024,0.40328814
Nepal,NPL,2024,0.40292715
Grenada,GRD,2024,0.40042772
Bulgaria,BGR,2024,0.40033059
"Costa Rica",CRI,2024,0.39891921
"St. Lucia",LCA,2024,0.39845557
"Bosnia and Herzegovina",BIH,2024,0.39810317
Finland,FIN,2024,0.39649071
Brazil,BRA,2024,0.39566199
"Pacific island small states",PSS,2024,0.39533582
Czechia,CZE,2024,0.39288308
Montenegro,MNE,2024,0.39203444
"Trinidad and Tobago",TTO,2024,0.38890511
Luxembourg,LUX,2024,0.38646828
"Antigua and Barbuda",ATG,2024,0.38426644
Netherlands,NLD,2024,0.38368039
"Europe & Central Asia",ECS,2024,0.38137886
Belize,BLZ,2024,0.38100034
"St. Vincent and the Grenadines",VCT,2024,0.38001562
Dominica,DMA,2024,0.37948466
Portugal,PRT,2024,0.37927939
Austria,AUT,2024,0.37902440
Spain,ESP,2024,0.37798904
Bangladesh,BGD,2024,0.37714472
Indonesia,IDN,2024,0.37699636
"Brunei Darussalam",BRN,2024,0.37666661
Jamaica,JAM,2024,0.37640882
Albania,ALB,2024,0.37599080
"European Union",EUU,2024,0.37447906
Guatemala,GTM,2024,0.37337603
"Macao SAR, China",MAC,2024,0.37272690
Maldives,MDV,2024,0.37227142
Uzbekistan,UZB,2024,0.37215242
Colombia,COL,2024,0.36945824
Malta,MLT,2024,0.36882558
Nicaragua,NIC,2024,0.36831771
Hungary,HUN,2024,0.36810611
Mexico,MEX,2024,0.36731815
Uruguay,URY,2024,0.36695009
"Dominican Republic",DOM,2024,0.36687773
"Egypt, Arab Rep.",EGY,2024,0.36619974
Belgium,BEL,2024,0.36370377
Kosovo,XKX,2024,0.36238416
Rwanda,RWA,2024,0.36194539
Moldova,MDA,2024,0.36139677
"El Salvador",SLV,2024,0.36021997
Botswana,BWA,2024,0.35862566
"Other small states",OSS,2024,0.35740235
Romania,ROU,2024,0.35711348
"Small states",SST,2024,0.35698959
Paraguay,PRY,2024,0.35585364
Lesotho,LSO,2024,0.35580381
Cyprus,CYP,2024,0.35474815
"Slovak Republic",SVK,2024,0.35396487
Tunisia,TUN,2024,0.35285166
Algeria,DZA,2024,0.35276234
Estonia,EST,2024,0.35023218
Philippines,PHL,2024,0.34861270
Bolivia,BOL,2024,0.34541560
"Latin America & the Caribbean (IDA & IBRD countries)",TLA,2024,0.34388782
"Latin America & Caribbean",LCN,2024,0.34388344
"Caribbean small states",CSS,2024,0.34356145
Ecuador,ECU,2024,0.34042963
Croatia,HRV,2024,0.34024938
"Latin America & Caribbean (excluding high income)",LAC,2024,0.33959906
Angola,AGO,2024,0.33892707
Greece,GRC,2024,0.33867816
"Cabo Verde",CPV,2024,0.33791573
Timor-Leste,TLS,2024,0.33705277
Mozambique,MOZ,2024,0.33542207
Belarus,BLR,2024,0.33455764
"Bahamas, The",BHS,2024,0.33180263
"Europe & Central Asia (excluding high income)",ECA,2024,0.33050026
Switzerland,CHE,2024,0.32945593
Namibia,NAM,2024,0.32692551
Ukraine,UKR,2024,0.32534133
Seychelles,SYC,2024,0.32410169
Lithuania,LTU,2024,0.32332652
"Central Europe and the Baltics",CEB,2024,0.32234945
Senegal,SEN,2024,0.32141627
Serbia,SRB,2024,0.31985720
Slovenia,SVN,2024,0.31966889
"South Africa",ZAF,2024,0.31957235
Poland,POL,2024,0.31940714
"Solomon Islands",SLB,2024,0.31925799
"Sierra Leone",SLE,2024,0.31808917
Azerbaijan,AZE,2024,0.31800530
Togo,TGO,2024,0.31625317
Kuwait,KWT,2024,0.31473277
Djibouti,DJI,2024,0.31442451
"Burkina Faso",BFA,2024,0.31429161
Kazakhstan,KAZ,2024,0.31314515
Turkiye,TUR,2024,0.31245049
"Cote d'Ivoire",CIV,2024,0.31086379
Benin,BEN,2024,0.31006296
Malawi,MWI,2024,0.30859743
Mali,MLI,2024,0.30841845
Latvia,LVA,2024,0.30754147
Ireland,IRL,2024,0.30524009
"Middle East, North Africa, Afghanistan & Pakistan (IDA & IBRD)",TMN,2024,0.30180230
Tanzania,TZA,2024,0.30175628
"Middle East, North Africa, Afghanistan & Pakistan (excluding high income)",MNA,2024,0.30159212
Niger,NER,2024,0.30126914
Uganda,UGA,2024,0.29943343
Guinea-Bissau,GNB,2024,0.28967699
Libya,LBY,2024,0.28849308
Iraq,IRQ,2024,0.28732643
"Viet Nam",VNM,2024,0.28613008
Pakistan,PAK,2024,0.28492774
Mauritania,MRT,2024,0.28475812
India,IND,2024,0.28423383
"South Asia",SAS,2024,0.28410279
"South Asia (IDA & IBRD)",TSA,2024,0.28410279
"Sri Lanka",LKA,2024,0.28286790
Kiribati,KIR,2024,0.28236422
"Lower middle income",LMC,2024,0.28131086
"Heavily indebted poor countries (HIPC)",HPC,2024,0.28125677
"West Bank and Gaza",PSE,2024,0.28109846
Ethiopia,ETH,2024,0.28067204
Mongolia,MNG,2024,0.28058344
Guinea,GIN,2024,0.28038509
Singapore,SGP,2024,0.28035568
"Africa Western and Central",AFW,2024,0.28035177
Kenya,KEN,2024,0.28031596
"IDA only",IDX,2024,0.28001436
"United Arab Emirates",ARE,2024,0.27970966
"Papua New Guinea",PNG,2024,0.27967552
"IDA total",IDA,2024,0.27958564
"Gambia, The",GMB,2024,0.27953234
Morocco,MAR,2024,0.27950327
"IDA blend",IDB,2024,0.27918714
"Europe & Central Asia (IDA & IBRD countries)",TEC,2024,0.27853627
Gabon,GAB,2024,0.27850931
"Early-demographic dividend",EAR,2024,0.27834248
"Least developed countries: UN classification",LDC,2024,0.27832309
Peru,PER,2024,0.27797997
"Russian Federation",RUS,2024,0.27793058
"Sub-Saharan Africa",SSF,2024,0.27782116
"Sub-Saharan Africa (IDA & IBRD countries)",TSS,2024,0.27782116
Cameroon,CMR,2024,0.27752525
Chad,TCD,2024,0.27742707
Liberia,LBR,2024,0.27727459
"Sub-Saharan Africa (excluding high income)",SSA,2024,0.27726608
Panama,PAN,2024,0.27721262
"Pre-demographic dividend",PRE,2024,0.27719249
Comoros,COM,2024,0.27691011
Bahrain,BHR,2024,0.27677774
"Congo, Rep.",COG,2024,0.27590177
"Africa Eastern and Southern",AFE,2024,0.27578277
Ghana,GHA,2024,0.27530801
"Middle East, North Africa, Afghanistan & Pakistan",MEA,2024,0.27520091
"Saudi Arabia",SAU,2024,0.27509562
"Low income",LIC,2024,0.27490296
Oman,OMN,2024,0.27466046
"Arab World",ARB,2024,0.27424499
Zambia,ZMB,2024,0.27421961
"Fragile and conflict affected situations",FCS,2024,0.27407108
"Central African Republic",CAF,2024,0.27401949
Canada,CAN,2024,0.27379100
"New Zealand",NZL,2024,0.27298319
Burundi,BDI,2024,0.27289442
"Equatorial Guinea",GNQ,2024,0.27210430
Israel,ISR,2024,0.27195444
"Lao PDR",LAO,2024,0.27182418
Germany,DEU,2024,0.26909554
"St. Kitts and Nevis",KNA,2024,0.26885904
"Sao Tome and Principe",STP,2024,0.26817337
Nigeria,NGA,2024,0.26779662
"Iran, Islamic Rep.",IRN,2024,0.26716972
Bhutan,BTN,2024,0.26379884
Haiti,HTI,2024,0.25239173
Vanuatu,VUT,2024,0.24926626
Tonga,TON,2024,0.24677362
Argentina,ARG,2024,0.23687363
"Euro area",EMU,2024,0.23238673
"Kyrgyz Republic",KGZ,2024,0.21541267
Eswatini,SWZ,2024,0.20511847
Suriname,SUR,2024,0.20482884
"South Sudan",SSD,2024,0.20005077
Madagascar,MDG,2024,0.15439838
Afghanistan,AFG,2024,0.14782055
Monaco,MCO,2024,0.14550150
Tajikistan,TJK,2024,0.14524709
"San Marino",SMR,2024,0.14482284
Palau,PLW,2024,0.14444430
Aruba,ABW,2024,0.14156966
Turkmenistan,TKM,2024,0.14039010
"Congo, Dem. Rep.",COD,2024,0.13999692
Bermuda,BMU,2024,0.13962686
"Turks and Caicos Islands",TCA,2024,0.13886362
"Venezuela, RB",VEN,2024,0.13807725
Curacao,CUW,2024,0.13745278
"Somalia, Fed. Rep.",SOM,2024,0.13532496
Andorra,AND,2024,0.13361345
"Puerto Rico (US)",PRI,2024,0.13317400
"Sint Maarten (Dutch part)",SXM,2024,0.13275769
"Marshall Islands",MHL,2024,0.13160126
Barbados,BRB,2024,0.13155501
Zimbabwe,ZWE,2024,0.12984350
Nauru,NRU,2024,0.12903400
"French Polynesia",PYF,2024,0.12843266
Lebanon,LBN,2024,0.12799898
"Faroe Islands",FRO,2024,0.12776193
"Micronesia, Fed. Sts.",FSM,2024,0.12748439
Myanmar,MMR,2024,0.12357567
Cuba,CUB,2024,0.12336751
Sudan,SDN,2024,0.09353172
